name,crop,crop_id,year,water_year_type,water_year_type_lag,gw_depth,omegaland,omegaland_std,omegawater,omegawater_std,omegasw,omegagw,p,p_std,y,y_std,xland,xland_std,ybar,ybar_std,xwater,xwater_std,water,water_std,eta,eta_std,yw,ybar_w_std,surface_water,groundwater,
KER01,ALFAL,1,1998,0,0,213.789,100,10,82.21,4.1105,82.21,121.76,275.081816,13.7540908,6.98,0.349,29061.48578,581.2297156,202849.1707444,4056.983414888,3.75,0.1875,108980.571675,5449.02858375,0.3,0.06,0.25,0.0125,282140.922017506,0,0.25
KER01,ALPIS,2,1998,0,0,213.789,1398.532667,139.8532667,82.21,4.1105,82.21,121.76,3828.382,191.4191,1.195,0.05975,18553.69836,371.0739672,22171.6695402,1108.58347701,3.2,0.16,59371.834752,2968.5917376,0.6,0.12,0.55,0.0275,282140.922017506,0,0.25
KER01,CORN,3,1998,0,0,213.789,284.8986667,28.48986667,82.21,4.1105,82.21,121.76,67.39247305,3.3696236525,24.33,1.2165,1813.715711,36.27431422,44127.70324863,2206.3851624315,2.65,0.1325,4806.34663415,240.3173317075,0.62,0.031,0.25,0.00625,282140.922017506,0,0.25
KER01,COTTN,4,1998,0,0,213.789,565.88,56.588,82.21,4.1105,82.21,121.76,4974.248791,248.71243955,0.415,0.02075,36896.42238,737.9284476,15312.0152877,306.240305754,2.17,0.1085,80065.2365646,4003.26182823,1.55,0.31,0.7,0.035,282140.922017506,0,0.25
KER01,CUCUR,5,1998,0,0,213.789,623.632,62.3632,82.21,4.1105,82.21,121.76,342.3168903,17.115844515,23.98,1.199,102.1,2.042,2448.358,122.4179,1.91,0.0955,195.011,9.75055,0.62,0.124,0.3,0.015,282140.922017506,0,0.25
KER01,DRYBN,6,1998,0,0,213.789,459.08,45.908,82.21,4.1105,82.21,121.76,1414.858304,70.7429152,1.16,0.058,452.8667677,9.057335354,525.325450532,26.2662725266,2.57,0.1285,1163.867592989,58.19337964945,0.8,0.16,0.3,0.015,282140.922017506,0,0.25
KER01,FRTOM,7,1998,0,0,213.789,377.296,37.7296,82.21,4.1105,82.21,121.76,686.288,34.3144,12.86,0.643,589.5403999,11.790807998,7581.489542714,379.0744771357,2.03,0.1015,1196.767011797,59.83835058985,0.7,0.14,0.3,0.015,282140.922017506,0,0.25
KER01,GRAIN,8,1998,0,0,213.789,200,20,82.21,4.1105,82.21,121.76,411.6618459,20.583092295,2.225,0.11125,9272.680223,185.45360446,20631.713496175,1031.58567480875,0.45,0.0225,4172.70610035,208.6353050175,0.42,0.084,0.15,0.0075,282140.922017506,0,0.25
KER01,ONGAR,9,1998,0,0,213.789,643.018,64.3018,82.21,4.1105,82.21,121.76,227.1973931,11.359869655,18.26,0.913,1749.281954,34.98563908,31941.88848004,638.8377696008,3.04,0.608,5317.81714016,265.890857008,0.5,,0.2,0.01,282140.922017506,0,0.25
KER01,OTHDEC,10,1998,0,0,213.789,698.7795,69.87795,82.21,4.1105,82.21,121.76,2848.107009,142.40535045,2.01,0.1005,348.069601,6.96139202,699.61989801,13.9923979602,2.53,0.506,880.61609053,44.0308045265,0.75,,0.4,0.02,282140.922017506,0,0.25
KER01,OTHFLD,11,1998,0,0,213.789,159,7.95,82.21,4.1105,82.21,121.76,68.91523621,1.3783047242,15.56,0.778,683.3743015,13.66748603,10633.30413134,212.6660826268,2.12,0.106,1448.75351918,72.437675959,0.7,,0.3,0.015,282140.922017506,0,0.25
KER01,OTHTRK,12,1998,0,0,213.789,289.8,28.98,82.21,4.1105,82.21,121.76,697.284456,34.8642228,9.66,0.483,1511.901512,30.23803024,14604.96860592,730.248430296,1.62,0.081,2449.28044944,122.464022472,0.4,,0.2,0.01,282140.922017506,0,0.25
KER01,PASTR,13,1998,0,0,213.789,10,1,82.21,4.1105,82.21,121.76,886.86668448,44.343334224,1.5,0.075,302.7606249,6.055212498,454.14093735,9.082818747,3.95,0.1975,1195.904468355,59.79522341775,1.5,0.3,0.55,0.0275,282140.922017506,0,0.25
KER01,PRTOM,14,1998,0,0,213.789,561.5253333,56.15253333,82.21,4.1105,82.21,121.76,95.45612231,4.7728061155,34.33,1.7165,616.8611928,12.337223856,21176.844748824,1058.8422374412,2.78,0.139,1714.874115984,85.7437057992,0.7,0.14,0.33,0.0165,282140.922017506,0,0.25
KER01,SAFLR,15,1998,0,0,213.789,100,10,82.21,4.1105,82.21,121.76,736.3041579,36.815207895,0.83,0.0415,454.3014811,9.086029622,377.070229313,7.54140458626,0.6,0.03,272.58088866,13.629044433,1.1,0.22,0.3,0.015,282140.922017506,0,0.25
KER01,SUBTRP,17,1998,0,0,213.789,1131.6,113.16,82.21,4.1105,82.21,121.76,661.57,33.0785,14.63,0.7315,270.7338727,2.707338727,3960.836557601,198.04182788005,2.13,0.213,576.663148851,28.83315744255,0.8,0.16,0.4,0.02,282140.922017506,0,0.25
KER01,VINE,18,1998,0,0,213.789,957.453,47.87265,82.21,4.1105,82.21,121.76,1743.346,87.1673,7.74,0.387,3315.33411,66.3066822,25660.6860114,513.213720228,1.71,0.342,5669.2213281,283.461066405,0.75,0.15,0.39,0.0195,282140.922017506,0,0.25
KER01,ALFAL,1,1999,1,0,216.993,100,10,98.2290923701498,4.91145461850749,82.21,123.29,233.4956675,11.674783375,8.09,0.4045,31994.20993,639.8841986,258833.1583337,5176.663166674,5.07,0.2535,162210.6443451,8110.532217255,0.3,0.06,0.25,0.0125,287047.7275,183482.7425,0.25
KER01,ALPIS,2,1999,1,0,216.993,1398.532667,139.8532667,98.2291115862844,4.91145557931422,82.21,123.29,5350.660238,267.5330119,0.875,0.04375,23957.40501,479.1481002,20962.72938375,1048.1364691875,4.4,0.22,105412.582044,5270.6291022,0.6,0.12,0.55,0.0275,287048.7275,183483.7425,0.25
KER01,CORN,3,1999,1,0,216.993,284.8986667,28.48986667,98.2291308022556,4.91145654011278,82.21,123.29,63.80531523,3.1902657615,25.475,1.27375,3026.4658,60.529316,77099.216255,3854.96081275,3.68,0.184,11137.394144,556.8697072,0.62,0.124,0.25,0.0125,287049.7275,183484.7425,0.25
KER01,COTTN,4,1999,1,0,216.993,565.88,56.588,98.2291500180634,4.91145750090317,82.21,123.29,3465.088718,173.2544359,0.645,0.03225,35631.61951,712.6323902,22982.39458395,459.647891679,3.13,0.1565,111526.9690663,5576.348453315,1.55,0.31,0.7,0.035,287050.7275,183485.7425,0.25
KER01,CUCUR,5,1999,1,0,216.993,623.632,62.3632,98.2291692337079,4.9114584616854,82.21,123.29,387.80135,19.3900675,21.06,1.053,109.0267314,2.180534628,2296.102963284,114.8051481642,2.258509847,0.11292549235,246.237946453124,12.3118973226562,0.62,0.124,0.3,0.015,287051.7275,183486.7425,0.25
KER01,DRYBN,6,1999,1,0,216.993,459.08,45.908,98.2291884491891,4.91145942245946,82.21,123.29,1119.136645,55.95683225,1.45,0.0725,633.446492,12.66892984,918.4974134,45.92487067,3.51,0.1755,2223.39718692,111.169859346,0.8,0.16,0.3,0.015,287052.7275,183487.7425,0.25
KER01,FRTOM,7,1999,1,0,216.993,377.296,37.7296,98.2292076645069,4.91146038322535,82.21,123.29,439.2441889,21.962209445,16.59,0.8295,1030.404013,20.60808026,17094.40257567,854.7201287835,2.61,0.1305,2689.35447393,134.4677236965,0.7,0.14,0.3,0.015,287053.7275,183488.7425,0.25
KER01,GRAIN,8,1999,1,0,216.993,200,20,98.2292268796613,4.91146134398307,82.21,123.29,416.7537022,20.83768511,2.415,0.12075,11528.63718,230.5727436,27841.6587897,1392.082939485,1.79,0.0895,20636.2605522,1031.81302761,0.42,0.084,0.15,0.0075,287054.7275,183489.7425,0.25
KER01,ONGAR,9,1999,1,0,216.993,643.018,64.3018,98.2292460946525,4.91146230473263,82.21,123.29,198.2916359,9.914581795,20.67,1.0335,2857.721167,57.15442334,59069.09652189,1181.3819304378,3.8,0.76,10859.3404346,542.96702173,0.5,,0.2,0.01,287055.7275,183490.7425,0.25
KER01,OTHDEC,10,1999,1,0,216.993,698.7795,69.87795,98.2292653094802,4.91146326547401,82.21,123.29,2451.352018,122.5676009,2.33,0.1165,361.575805,7.2315161,842.47162565,16.849432513,3.52,0.704,1272.7468336,63.63734168,0.73,,0.4,0.02,287056.7275,183491.7425,0.25
KER01,OTHFLD,11,1999,1,0,216.993,159,7.95,98.2292845241447,4.91146422620724,82.21,123.29,56.35540111,1.1271080222,19.16,0.958,1026.826559,20.53653118,19673.99687044,393.4799374088,3.18,0.159,3265.30845762,163.265422881,0.7,,0.3,0.015,287057.7275,183492.7425,0.25
KER01,OTHTRK,12,1999,1,0,216.993,289.8,28.98,98.2293037386458,4.91146518693229,82.21,123.29,586.4112989,29.320564945,11.405,0.57025,1978.728341,39.57456682,22567.396729105,1128.36983645525,1.76,0.088,3482.56188016,174.128094008,0.4,,0.2,0.01,287058.7275,183493.7425,0.25
KER01,PASTR,13,1999,1,0,216.993,10,1,98.2293229529835,4.91146614764918,82.21,123.29,833.196854112,41.6598427056,1.5,0.075,1202.011624,24.04023248,1803.017436,36.06034872,5,0.25,6010.05812,300.502906,1.5,0.3,0.55,0.0275,287059.7275,183494.7425,0.25
KER01,PRTOM,14,1999,1,0,216.993,561.5253333,56.15253333,98.229342167158,4.9114671083579,82.21,123.29,85.38,4.269,39.42,1.971,434.3,8.686,17120.106,856.0053,3.19,0.1595,1385.417,69.27085,0.7,0.14,0.33,0.0165,287060.7275,183495.7425,0.25
KER01,SAFLR,15,1999,1,0,216.993,100,10,98.2293613811691,4.91146806905846,82.21,123.29,556.9299253,27.846496265,1.23,0.0615,1392.114641,27.84229282,1712.30100843,34.2460201686,1.8,0.09,2505.8063538,125.29031769,1.1,0.22,0.3,0.015,287061.7275,183496.7425,0.25
KER01,SUBTRP,17,1999,1,0,216.993,1131.6,113.16,98.2293998087013,4.91146999043507,82.21,123.29,1057.283775,52.86418875,7.93,0.3965,266.493984,2.66493984,2113.29729312,105.664864656,3.25,0.325,866.105448,43.3052724,0.8,0.16,0.4,0.02,287063.7275,183498.7425,0.25
KER01,VINE,18,1999,1,0,216.993,957.453,47.87265,98.2294190222224,4.91147095111112,82.21,123.29,1710.446,85.5223,8.38,0.419,4436.131483,88.72262966,37174.78182754,743.4956365508,2.76,0.552,12243.72289308,612.186144654,0.75,0.15,0.39,0.0195,287064.7275,183499.7425,0.25
KER01,ALFAL,1,2000,1,1,227.569,100,10,100.728016378341,5.03640081891705,82.21,128.32,245.5752353,12.278761765,7.67,0.3835,29701.52597,594.0305194,227810.7041899,4556.214083798,5.07,0.2535,150586.7366679,7529.336833395,0.3,0.06,0.25,0.0125,281375.0318,188841.3504,1.88888888888889
KER01,ALPIS,2,2000,1,1,227.569,1398.532667,139.8532667,100.728035675688,5.0364017837844,82.21,128.32,3160.220127,158.01100635,1.48,0.074,24116.59627,482.3319254,35692.5624796,1784.62812398,4.4,0.22,106113.023588,5305.6511794,0.6,0.12,0.55,0.0275,281376.0318,188842.3504,1.88888888888889
KER01,CORN,3,2000,1,1,227.569,284.8986667,28.48986667,100.728054972871,5.03640274864355,82.21,128.32,63.45168811,3.1725844055,25.555,1.27775,5444.760953,108.89521906,139140.866153915,6957.04330769575,3.68,0.184,20036.72030704,1001.836015352,0.62,0.124,0.25,0.0125,281377.0318,188843.3504,1.88888888888889
KER01,COTTN,4,2000,1,1,227.569,565.88,56.588,100.72807426989,5.0364037134945,82.21,128.32,3249.530064,162.4765032,0.74,0.037,35322.95622,706.4591244,26138.9876028,522.779752056,3.13,0.1565,110560.8529686,5528.04264843,1.55,0.31,0.7,0.035,281378.0318,188844.3504,1.88888888888889
KER01,CUCUR,5,2000,1,1,227.569,623.632,62.3632,100.728093566744,5.0364046783372,82.21,128.32,334.4810711,16.724053555,24.41,1.2205,320.1189655,6.40237931,7814.103947855,390.70519739275,2.258509847,0.11292549235,722.991835793203,36.1495917896602,0.62,0.124,0.3,0.015,281379.0318,188845.3504,1.88888888888889
KER01,DRYBN,6,2000,1,1,227.569,459.08,45.908,100.728112863434,5.0364056431717,82.21,128.32,1208.206928,60.4103464,1.34,0.067,397.9274199,7.958548398,533.222742666,26.6611371333,3.51,0.1755,1396.725243849,69.83626219245,0.8,0.16,0.3,0.015,281380.0318,188846.3504,1.88888888888889
KER01,FRTOM,7,2000,1,1,227.569,377.296,37.7296,100.72813215996,5.036406607998,82.21,128.32,500.864,25.0432,19.44,0.972,1770.995006,35.41990012,34428.14291664,1721.407145832,2.61,0.1305,4622.29696566,231.114848283,0.7,0.14,0.3,0.015,281381.0318,188847.3504,1.88888888888889
KER01,GRAIN,8,2000,1,1,227.569,200,20,100.728151456322,5.0364075728161,82.21,128.32,457.6525575,22.882627875,2.195,0.10975,11389.03457,227.7806914,24998.93088115,1249.9465440575,1.79,0.0895,20386.3718803,1019.318594015,0.42,0.084,0.15,0.0075,281382.0318,188848.3504,1.88888888888889
KER01,ONGAR,9,2000,1,1,227.569,643.018,64.3018,100.72817075252,5.036408537626,82.21,128.32,203.648,10.1824,21.79,1.0895,1897.881789,37.95763578,41354.84418231,827.0968836462,3.8,0.76,7211.9507982,360.59753991,0.5,,0.2,0.01,281383.0318,188849.3504,1.88888888888889
KER01,OTHDEC,10,2000,1,1,227.569,698.7795,69.87795,100.728190048554,5.0364095024277,82.21,128.32,1458.56,72.928,5.16,0.258,902.9330892,18.058661784,4659.134740272,93.18269480544,3.52,0.704,3178.324473984,158.9162236992,0.73,,0.4,0.02,281384.0318,188850.3504,1.88888888888889
KER01,OTHFLD,11,2000,1,1,227.569,159,7.95,100.728209344424,5.0364104672212,82.21,128.32,63.27873478,1.2655746956,17.01,0.8505,1373.545623,27.47091246,23364.01104723,467.2802209446,3.18,0.159,4367.87508114,218.393754057,0.7,,0.3,0.015,281385.0318,188851.3504,1.88888888888889
KER01,OTHTRK,12,2000,1,1,227.569,289.8,28.98,100.728228640129,5.03641143200645,82.21,128.32,508.4517183,25.422585915,13.15,0.6575,1838.577973,36.77155946,24177.30034495,1208.8650172475,1.76,0.088,3235.89723248,161.794861624,0.4,,0.2,0.01,281386.0318,188852.3504,1.88888888888889
KER01,PASTR,13,2000,1,1,227.569,10,1,100.72824793567,5.0364123967835,82.21,128.32,828.409443568,41.4204721784,1.5,0.075,1112.125765,22.2425153,1668.1886475,33.36377295,5,0.25,5560.628825,278.03144125,1.5,0.3,0.55,0.0275,281387.0318,188853.3504,1.88888888888889
KER01,PRTOM,14,2000,1,1,227.569,561.5253333,56.15253333,100.728267231048,5.0364133615524,82.21,128.32,82.56,4.128,40.04,2.002,2015.789548,40.31579096,80712.21350192,4035.610675096,3.19,0.1595,6430.36865812,321.518432906,0.7,0.14,0.33,0.0165,281388.0318,188854.3504,1.88888888888889
KER01,SAFLR,15,2000,1,1,227.569,100,10,100.728286526261,5.03641432631305,82.21,128.32,416.5245701,20.826228505,1.64,0.082,283.4083732,5.668167464,464.789732048,9.29579464096,1.8,0.09,510.13507176,25.506753588,1.1,0.22,0.3,0.015,281389.0318,188855.3504,1.88888888888889
KER01,SUBTRP,17,2000,1,1,227.569,1131.6,113.16,100.728325116194,5.0364162558097,82.21,128.32,564.16,28.208,15.37,0.7685,260.5060263,2.605060263,4003.977624231,200.19888121155,3.25,0.325,846.644585475,42.33222927375,0.8,0.16,0.4,0.02,281391.0318,188857.3504,1.88888888888889
KER01,VINE,18,2000,1,1,227.569,957.453,47.87265,100.728344410915,5.03641722054575,82.21,128.32,1520.48,76.024,8.96,0.448,4456.626739,89.13253478,39931.37558144,798.6275116288,2.76,0.552,12300.28979964,615.014489982,0.75,0.15,0.39,0.0195,281392.0318,188858.3504,1.88888888888889
KER01,ALFAL,1,2001,2,1,243.406,100,10,125.405082925606,6.2702541462803,113,135.85,226.5596765,11.327983825,8.02,0.401,28487.60113,569.7520226,228470.5610626,4569.411221252,5.07,0.2535,144432.1377291,7221.606886455,0.3,0.06,0.25,0.0125,212136.0535,251946.9821,1.88888888888889
KER01,ALPIS,2,2001,2,1,243.406,1398.532667,139.8532667,125.405078701885,6.27025393509425,113,135.85,4407.514907,220.37574535,1.05,0.0525,24185.42961,483.7085922,25394.7010905,1269.735054525,4.53,0.2265,109559.9961333,5477.999806665,0.6,0.12,0.55,0.0275,212137.0535,251947.9821,1.88888888888889
KER01,CORN,3,2001,2,1,243.406,284.8986667,28.48986667,125.4050744782,6.27025372391,113,135.85,72.91776823,3.6458884115,21.575,1.07875,6313.148482,126.26296964,136206.17849915,6810.3089249575,3.68,0.184,23232.38641376,1161.619320688,0.62,0.124,0.25,0.0125,212138.0535,251948.9821,1.88888888888889
KER01,COTTN,4,2001,2,1,243.406,565.88,56.588,125.405070254551,6.27025351272755,113,135.85,3703.036218,185.1518109,0.685,0.03425,37502.16005,750.043201,25688.97963425,513.779592685,3.13,0.1565,117381.7609565,5869.088047825,1.55,0.31,0.7,0.035,212139.0535,251949.9821,1.88888888888889
KER01,CUCUR,5,2001,2,1,243.406,623.632,62.3632,125.405066030939,6.27025330154695,113,135.85,324.446501,16.22232505,25.1,1.255,50.85898013,1.0171796026,1276.560401263,63.82802006315,2.389245169,0.11946225845,121.514572575869,6.07572862879345,0.62,0.124,0.3,0.015,212140.0535,251950.9821,1.88888888888889
KER01,DRYBN,6,2001,2,1,243.406,459.08,45.908,125.405061807364,6.2702530903682,113,135.85,1384.423484,69.2211742,1.13,0.0565,144.5,2.89,163.285,8.16425,3.38,0.169,488.41,24.4205,0.8,0.16,0.3,0.015,212141.0535,251951.9821,1.88888888888889
KER01,FRTOM,7,2001,2,1,243.406,377.296,37.7296,125.405057583824,6.2702528791912,113,135.85,662.805,33.14025,18.75,0.9375,899.7471635,17.99494327,16870.259315625,843.51296578125,2.161902875,0.10809514375,1945.16597954375,97.2582989771875,0.7,0.14,0.3,0.015,212142.0535,251952.9821,1.88888888888889
KER01,GRAIN,8,2001,2,1,243.406,200,20,125.405053360321,6.27025266801605,113,135.85,381.7315912,19.08657956,2.57,0.1285,11249.45789,224.9891578,28911.1067773,1445.555338865,1.79,0.0895,20136.5296231,1006.826481155,0.42,0.084,0.15,0.0075,212143.0535,251953.9821,1.88888888888889
KER01,ONGAR,9,2001,2,1,243.406,643.018,64.3018,125.405049136855,6.27025245684275,113,135.85,231.647,11.58235,19.38,0.969,992.3087632,19.846175264,19230.943830816,384.61887661632,3.8,0.76,3770.77330016,188.538665008,0.5,,0.2,0.01,212144.0535,251954.9821,1.88888888888889
KER01,OTHDEC,10,2001,2,1,243.406,698.7795,69.87795,125.405044913425,6.27025224567125,113,135.85,1189.032,59.4516,4.91,0.2455,700.4312947,14.008625894,3439.117656977,68.78235313954,3.52,0.704,2465.518157344,123.2759078672,0.73,,0.4,0.02,212145.0535,251955.9821,1.88888888888889
KER01,OTHFLD,11,2001,2,1,243.406,159,7.95,125.405040690031,6.27025203450155,113,135.85,47.31270261,0.9462540522,21.66,1.083,175.5,3.51,3801.33,76.0266,3.03,0.1515,531.765,26.58825,0.7,,0.3,0.015,212146.0535,251956.9821,1.88888888888889
KER01,OTHTRK,12,2001,2,1,243.406,289.8,28.98,125.405036466674,6.2702518233337,113,135.85,424.463,21.22315,17.71,0.8855,1690.972027,33.81944054,29947.11459817,1497.3557299085,1.76,0.088,2976.11076752,148.805538376,0.4,,0.2,0.01,212147.0535,251957.9821,1.88888888888889
KER01,PASTR,13,2001,2,1,243.406,10,1,125.405032243353,6.27025161216765,113,135.85,769.60087288,38.480043644,1.5,0.075,1101.388371,22.02776742,1652.0825565,33.04165113,5,0.25,5506.941855,275.34709275,1.5,0.3,0.55,0.0275,212148.0535,251958.9821,1.88888888888889
KER01,PRTOM,14,2001,2,1,243.406,561.5253333,56.15253333,125.405028020069,6.27025140100345,113,135.85,96.39948499,4.8199742495,32.91,1.6455,3011.900967,60.23801934,99121.66082397,4956.0830411985,3.33,0.1665,10029.63022011,501.4815110055,0.7,0.14,0.33,0.0165,212149.0535,251959.9821,1.88888888888889
KER01,SAFLR,15,2001,2,1,243.406,100,10,125.40502379682,6.270251189841,113,135.85,438.1983091,21.909915455,1.49,0.0745,466.2790063,9.325580126,694.755719387,13.89511438774,1.7,0.085,792.67431071,39.6337155355,1.1,0.22,0.3,0.015,212150.0535,251960.9821,1.88888888888889
KER01,SUBTRP,17,2001,2,1,243.406,1131.6,113.16,125.405015350434,6.2702507675217,113,135.85,777.8101544,38.89050772,10.72,0.536,260.5060263,2.605060263,2792.624601936,139.6312300968,3.25,0.325,846.644585475,42.33222927375,0.8,0.16,0.4,0.02,212152.0535,251962.9821,1.88888888888889
KER01,VINE,18,2001,2,1,243.406,957.453,47.87265,125.405011127295,6.27025055636475,113,135.85,1495.663,74.78315,8.3,0.415,4624.994626,92.49989252,38387.4553958,767.749107916,2.76,0.552,12764.98516776,638.249258388,0.75,0.15,0.39,0.0195,212153.0535,251963.9821,1.88888888888889
KER01,ALFAL,1,2002,2,2,251.98,100,10,130.149925080948,6.5074962540474,113,139.93,220.9884617,11.049423085,8.04,0.402,29755.31253,595.1062506,239232.7127412,4784.654254824,5.15,0.2575,153239.8595295,7661.992976475,0.3,0.06,0.25,0.0125,170058.4034,298207.2123,0.438202247191011
KER01,ALPIS,2,2002,2,2,251.98,1398.532667,139.8532667,130.149909342405,6.50749546712025,113,139.93,2978.394858,148.9197429,1.54,0.077,23701.44783,474.0289566,36500.2296582,1825.01148291,4.51,0.2255,106893.5297133,5344.676485665,0.6,0.12,0.55,0.0275,170059.4034,298208.2123,0.438202247191011
KER01,CORN,3,2002,2,2,251.98,284.8986667,28.48986667,130.149893603996,6.5074946801998,113,139.93,64.29127282,3.214563641,23.77,1.1885,6856.065623,137.12131246,162968.67985871,8148.4339929355,3.46,0.173,23721.98705558,1186.099352779,0.62,0.124,0.25,0.0125,170060.4034,298209.2123,0.438202247191011
KER01,COTTN,4,2002,2,2,251.98,565.88,56.588,130.149877865721,6.50749389328605,113,139.93,3800.143127,190.00715635,0.705,0.03525,30571.4145,611.42829,21552.8472225,431.05694445,3.08,0.154,94159.95666,4707.997833,1.55,0.31,0.7,0.035,170061.4034,298210.2123,0.438202247191011
KER01,CUCUR,5,2002,2,2,251.98,623.632,62.3632,130.149862127581,6.50749310637905,113,139.93,325.7487631,16.287438155,24.89,1.2445,51.39097446,1.0278194892,1279.1213543094,63.95606771547,2.131722881,0.10658614405,109.551316133269,5.47756580666345,0.62,0.124,0.3,0.015,170062.4034,298211.2123,0.438202247191011
KER01,DRYBN,6,2002,2,2,251.98,459.08,45.908,130.149846389576,6.5074923194788,113,139.93,1101.531298,55.0765649,1.39,0.0695,544.6629714,10.893259428,757.081530246,37.8540765123,3.32,0.166,1808.281065048,90.4140532524,0.8,0.16,0.3,0.015,170063.4034,298212.2123,0.438202247191011
KER01,FRTOM,7,2002,2,2,251.98,377.296,37.7296,130.149830651705,6.50749153258525,113,139.93,761.7783125,38.088915625,9.44,0.472,714.0788141,14.281576282,6740.904005104,337.0452002552,1.979600579,0.09898002895,1413.59083384399,70.6795416921995,0.7,0.14,0.3,0.015,170064.4034,298213.2123,0.438202247191011
KER01,GRAIN,8,2002,2,2,251.98,200,20,130.149814913968,6.5074907456984,113,139.93,399.9577836,19.99788918,2.48,0.124,15111.55821,302.2311642,37476.6643608,1873.83321804,2.26,0.113,34152.1215546,1707.60607773,0.42,0.084,0.15,0.0075,170065.4034,298214.2123,0.438202247191011
KER01,ONGAR,9,2002,2,2,251.98,643.018,64.3018,130.149799176366,6.5074899588183,113,139.93,239.694,11.9847,23.51,1.1755,700.2254798,14.004509596,16462.301030098,329.24602060196,3.67,0.734,2569.827510866,128.4913755433,0.5,,0.2,0.01,170066.4034,298215.2123,0.438202247191011
KER01,OTHDEC,10,2002,2,2,251.98,698.7795,69.87795,130.149783438898,6.5074891719449,113,139.93,1313.049,65.65245,4.53,0.2265,698.7160343,13.974320686,3165.183635379,63.30367270758,3.59,0.718,2508.390563137,125.41952815685,0.73,,0.4,0.02,170067.4034,298216.2123,0.438202247191011
KER01,OTHFLD,11,2002,2,2,251.98,159,7.95,130.149767701564,6.5074883850782,113,139.93,40.83077003,0.8166154006,24.29,1.2145,176,3.52,4275.04,85.5008,2.92,0.146,513.92,25.696,0.7,,0.3,0.015,170068.4034,298217.2123,0.438202247191011
KER01,OTHTRK,12,2002,2,2,251.98,289.8,28.98,130.149751964365,6.50748759821825,113,139.93,603.186,30.1593,17.98,0.899,1419.236502,28.38473004,25517.87230596,1275.893615298,1.72,0.086,2441.08678344,122.054339172,0.4,,0.2,0.01,170069.4034,298218.2123,0.438202247191011
KER01,PASTR,13,2002,2,2,251.98,10,1,130.149736227301,6.50748681136505,113,139.93,741.196787408,37.0598393704,1.5,0.075,1123.903575,22.4780715,1685.8553625,33.71710725,5.22,0.261,5866.7766615,293.338833075,1.5,0.3,0.55,0.0275,170070.4034,298219.2123,0.438202247191011
KER01,PRTOM,14,2002,2,2,251.98,561.5253333,56.15253333,130.149720490371,6.50748602451855,113,139.93,90.34867714,4.517433857,34.6,1.73,3800.76417,76.0152834,131506.440282,6575.3220141,3.03,0.1515,11516.3154351,575.815771755,0.7,0.14,0.33,0.0165,170071.4034,298220.2123,0.438202247191011
KER01,SAFLR,15,2002,2,2,251.98,100,10,130.149704753575,6.50748523767875,113,139.93,768.2342405,38.411712025,0.82,0.041,542.1101148,10.842202296,444.530294136,8.89060588272,1.56,0.078,845.691779088,42.2845889544,1.1,0.22,0.3,0.015,170072.4034,298221.2123,0.438202247191011
KER01,SUBTRP,17,2002,2,2,251.98,1131.6,113.16,130.149673280387,6.50748366401935,113,139.93,798.102,39.9051,12.24,0.612,410.3472814,4.103472814,5022.650724336,251.1325362168,3.48,0.348,1428.008539272,71.4004269636,0.8,0.16,0.4,0.02,170074.4034,298223.2123,0.438202247191011
KER01,VINE,18,2002,2,2,251.98,957.453,47.87265,130.149657543994,6.5074828771997,113,139.93,1493.478,74.6739,9.48,0.474,4529.821063,90.59642126,42942.70367724,858.8540735448,2.87,0.574,13000.58645081,650.0293225405,0.75,0.15,0.39,0.0195,170075.4034,298224.2123,0.438202247191011
KER01,ALFAL,1,2003,1,2,248.51,100,10,111.105312877691,5.55526564388455,82.21,138.28,211.0680633,10.553403165,8.62,0.431,26625.11986,532.5023972,229508.5331932,4590.170663864,4.92,0.246,130995.5897112,6549.77948556,0.3,0.06,0.25,0.0125,215442.5322,229083.7553,0.438202247191011
KER01,ALPIS,2,2003,1,2,248.51,1398.532667,139.8532667,111.105309007013,5.55526545035065,82.21,138.28,4968.580797,248.42903985,0.93,0.0465,23402.54729,468.0509458,21764.3689797,1088.218448985,4.26,0.213,99694.8514554,4984.74257277,0.6,0.12,0.55,0.0275,215443.5322,229084.7553,0.438202247191011
KER01,CORN,3,2003,1,2,248.51,284.8986667,28.48986667,111.105305136371,5.55526525681855,82.21,138.28,65.40364618,3.270182309,23.715,1.18575,10002.98056,200.0596112,237220.6839804,11861.03419902,3.22,0.161,32209.5974032,1610.47987016,0.62,0.124,0.25,0.0125,215444.5322,229085.7553,0.438202247191011
KER01,COTTN,4,2003,1,2,248.51,565.88,56.588,111.105301265762,5.5552650632881,82.21,138.28,4628.994453,231.44972265,0.62,0.031,31110.73716,622.2147432,19288.6570392,385.773140784,2.83,0.1415,88043.3861628,4402.16930814,1.55,0.31,0.7,0.035,215445.5322,229086.7553,0.438202247191011
KER01,CUCUR,5,2003,1,2,248.51,623.632,62.3632,111.105297395189,5.55526486975945,82.21,138.28,273.6982865,13.684914325,29.63,1.4815,5.781912317,0.11563824634,171.31806195271,8.5659030976355,1.803391474,0.0901695737,10.4270513758934,0.52135256879467,0.62,0.124,0.3,0.015,215446.5322,229087.7553,0.438202247191011
KER01,DRYBN,6,2003,1,2,248.51,459.08,45.908,111.105293524651,5.55526467623255,82.21,138.28,951.967341,47.59836705,1.63,0.0815,579.6693064,11.593386128,944.860969432,47.2430484716,3.07,0.1535,1779.584770648,88.9792385324,0.8,0.16,0.3,0.015,215447.5322,229088.7553,0.438202247191011
KER01,FRTOM,7,2003,1,2,248.51,377.296,37.7296,111.105289654147,5.55526448270735,82.21,138.28,761.7783125,38.088915625,9.44,0.472,0,0,0,0,0,0,0,0,0.7,0.14,0.3,0.015,215448.5322,229089.7553,0.438202247191011
KER01,GRAIN,8,2003,1,2,248.51,200,20,111.105285783678,5.5552642891839,82.21,138.28,564.3098224,28.21549112,1.75,0.0875,19390.82814,387.8165628,33933.949245,1696.69746225,1.82,0.091,35291.3072148,1764.56536074,0.42,0.084,0.15,0.0075,215449.5322,229090.7553,0.438202247191011
KER01,ONGAR,9,2003,1,2,248.51,643.018,64.3018,111.105281913244,5.5552640956622,82.21,138.28,172.6741113,8.633705565,23.27,1.1635,447.2127167,8.944254334,10406.639917609,208.13279835218,3.27,0.654,1462.385583609,73.11927918045,0.5,,0.2,0.01,215450.5322,229091.7553,0.438202247191011
KER01,OTHDEC,10,2003,1,2,248.51,698.7795,69.87795,111.105278042845,5.55526390214225,82.21,138.28,1253.224,62.6612,4.42,0.221,816.4625083,16.329250166,3608.764286686,72.17528573372,3.4,0.68,2775.97252822,138.798626411,0.73,,0.4,0.02,215451.5322,229092.7553,0.438202247191011
KER01,OTHFLD,11,2003,1,2,248.51,159,7.95,111.105274172481,5.55526370862405,82.21,138.28,40.72597489,0.8145194978,24.78,1.239,1536.647157,30.73294314,38078.11655046,761.5623310092,2.69,0.1345,4133.58085233,206.6790426165,0.7,,0.3,0.015,215452.5322,229093.7553,0.438202247191011
KER01,OTHTRK,12,2003,1,2,248.51,289.8,28.98,111.105270302151,5.55526351510755,82.21,138.28,465.79232,23.289616,17.12,0.856,2699.423445,53.9884689,46214.1293784,2310.70646892,1.51,0.0755,4076.12940195,203.8064700975,0.4,,0.2,0.01,215453.5322,229094.7553,0.438202247191011
KER01,PASTR,13,2003,1,2,248.51,10,1,111.105266431857,5.55526332159285,82.21,138.28,767.325532064,38.3662766032,1.5,0.075,87.37205955,1.747441191,131.058089325,2.6211617865,4.78,0.239,417.638444649,20.88192223245,1.5,0.3,0.55,0.0275,215454.5322,229095.7553,0.438202247191011
KER01,PRTOM,14,2003,1,2,248.51,561.5253333,56.15253333,111.105262561597,5.55526312807985,82.21,138.28,109.3105551,5.465527755,28.75,1.4375,4282.061189,85.64122378,123109.25918375,6155.4629591875,2.77,0.1385,11861.30949353,593.0654746765,0.7,0.14,0.33,0.0165,215455.5322,229096.7553,0.438202247191011
KER01,SAFLR,15,2003,1,2,248.51,100,10,111.105258691372,5.5552629345686,82.21,138.28,768.2342405,38.411712025,0.82,0.041,0,0,0,0,0,0,0,0,1.1,0.22,0.3,0.015,215456.5322,229097.7553,0.438202247191011
KER01,SUBTRP,17,2003,1,2,248.51,1131.6,113.16,111.105250951026,5.5552625475513,82.21,138.28,633.1444893,31.657224465,13.18,0.659,176.1393084,1.761393084,2321.516084712,116.0758042356,3.23,0.323,568.929966132,28.4464983066,0.8,0.16,0.4,0.02,215458.5322,229099.7553,0.438202247191011
KER01,VINE,18,2003,1,2,248.51,957.453,47.87265,111.105247080906,5.5552623540453,82.21,138.28,1566.208,78.3104,8.16,0.408,6883.637686,137.67275372,56170.48351776,1123.4096703552,2.75,0.55,18930.0036365,946.500181825,0.75,0.15,0.39,0.0195,215459.5322,229100.7553,0.438202247191011
KER01,ALFAL,1,2004,2,1,262.213,100,10,129.300323234323,6.46501616171615,113,144.8,200.5688333,10.028441665,9.13,0.4565,29427.5755,588.55151,268673.764315,5373.4752863,5.07,0.2535,149197.807785,7459.89038925,0.3,0.06,0.25,0.0125,235116.7712,247261.8898,0.25
KER01,ALPIS,2,2004,2,1,262.213,1398.532667,139.8532667,129.300321574542,6.4650160787271,113,144.8,4106.429025,205.32145125,1.615,0.08075,24620.65082,492.4130164,39762.3510743,1988.117553715,4.42,0.221,108823.2766244,5441.16383122,0.6,0.12,0.55,0.0275,235117.7712,247262.8898,0.25
KER01,CORN,3,2004,2,1,262.213,284.8986667,28.48986667,129.300319914774,6.4650159957387,113,144.8,61.84768216,3.092384108,25.36,1.268,9470.891316,189.41782632,240181.80377376,12009.090188688,3.46,0.173,32769.28395336,1638.464197668,0.62,0.124,0.25,0.0125,235118.7712,247263.8898,0.25
KER01,COTTN,4,2004,2,1,262.213,565.88,56.588,129.30031825502,6.465015912751,113,144.8,3772.215217,188.61076085,0.81,0.0405,30172.34903,603.4469806,24439.6027143,488.792054286,3,0.15,90517.04709,4525.8523545,1.55,0.31,0.7,0.035,235119.7712,247264.8898,0.25
KER01,CUCUR,5,2004,2,1,262.213,623.632,62.3632,129.30031659528,6.465015829764,113,144.8,290.0042873,14.500214365,28.05,1.4025,15,0.3,420.75,21.0375,2.16,0.108,32.4,1.62,0.62,0.124,0.3,0.015,235120.7712,247265.8898,0.25
KER01,DRYBN,6,2004,2,1,262.213,459.08,45.908,129.300314935554,6.4650157467777,113,144.8,1055.563272,52.7781636,1.48,0.074,476.7059315,9.53411863,705.52477862,35.276238931,3.21,0.1605,1530.226040115,76.51130200575,0.8,0.16,0.3,0.015,235121.7712,247266.8898,0.25
KER01,FRTOM,7,2004,2,1,262.213,377.296,37.7296,129.300313275841,6.46501566379205,113,144.8,761.7783125,38.088915625,9.44,0.472,0,0,0,0,0,0,0,0,0.7,0.14,0.3,0.015,235122.7712,247267.8898,0.25
KER01,GRAIN,8,2004,2,1,262.213,200,20,129.300311616142,6.4650155808071,113,144.8,451.4043892,22.57021946,2.245,0.11225,21714.42343,434.2884686,48748.88060035,2437.4440300175,2.19,0.1095,47554.5873117,2377.729365585,0.42,0.084,0.15,0.0075,235123.7712,247268.8898,0.25
KER01,ONGAR,9,2004,2,1,262.213,643.018,64.3018,129.300309956457,6.46501549782285,113,144.8,187.0209993,9.351049965,21.6,1.08,181,3.62,3909.6,78.192,3.57,0.714,646.17,32.3085,0.5,,0.2,0.01,235124.7712,247269.8898,0.25
KER01,OTHDEC,10,2004,2,1,262.213,698.7795,69.87795,129.300308296786,6.4650154148393,113,144.8,1172.17,58.6085,5.76,0.288,1219.637733,24.39275466,7025.11334208,140.5022668416,3.49,0.698,4256.53568817,212.8267844085,0.73,,0.4,0.02,235125.7712,247270.8898,0.25
KER01,OTHFLD,11,2004,2,1,262.213,159,7.95,129.300306637128,6.4650153318564,113,144.8,42.12103104,0.8424206208,24.32,1.216,1336.987533,26.73975066,32515.53680256,650.3107360512,2.9,0.145,3877.2638457,193.863192285,0.7,,0.3,0.015,235126.7712,247271.8898,0.25
KER01,OTHTRK,12,2004,2,1,262.213,289.8,28.98,129.300304977484,6.4650152488742,113,144.8,378.9246801,18.946234005,17.57,0.8785,3508.153831,70.16307662,61638.26281067,3081.9131405335,1.61,0.0805,5648.12766791,282.4063833955,0.4,,0.2,0.01,235127.7712,247272.8898,0.25
KER01,PASTR,13,2004,2,1,262.213,10,1,129.300303317854,6.4650151658927,113,144.8,788.872724752,39.4436362376,1.5,0.075,92.37205955,1.847441191,138.558089325,2.7711617865,5.11,0.2555,472.0212243005,23.601061215025,1.5,0.3,0.55,0.0275,235128.7712,247273.8898,0.25
KER01,PRTOM,14,2004,2,1,262.213,561.5253333,56.15253333,129.300301658238,6.4650150829119,113,144.8,77.19996904,3.859998452,40.87,2.0435,3590.236849,71.80473698,146732.98001863,7336.6490009315,2.94,0.147,10555.29633606,527.764816803,0.7,0.14,0.33,0.0165,235129.7712,247274.8898,0.25
KER01,SAFLR,15,2004,2,1,262.213,100,10,129.300299998635,6.46501499993175,113,144.8,764.2455244,38.21227622,0.95,0.0475,55.87897002,1.1175794004,53.085021519,1.06170043038,2.7,0.135,150.873219054,7.5436609527,1.1,0.22,0.3,0.015,235130.7712,247275.8898,0.25
KER01,SUBTRP,17,2004,2,1,262.213,1131.6,113.16,129.300296679472,6.4650148339736,113,144.8,765.3362573,38.266812865,10.92,0.546,176.8583175,1.768583175,1931.2928271,96.564641355,3.4,0.34,601.3182795,30.065913975,0.8,0.16,0.4,0.02,235132.7712,247277.8898,0.25
KER01,VINE,18,2004,2,1,262.213,957.453,47.87265,129.30029501991,6.4650147509955,113,144.8,1698.015,84.90075,9.72,0.486,4440.200713,88.80401426,43158.75093036,863.1750186072,2.81,0.562,12476.96400353,623.8482001765,0.75,0.15,0.39,0.0195,235133.7712,247278.8898,0.25
KER01,ALFAL,1,2005,0,2,245.758,100,10,100.759240606906,5.0379620303453,82.21,136.97,236.4232005,11.821160025,7.86,0.393,27844.21349,556.8842698,218855.5180314,4377.110360628,4.42,0.221,123071.4236258,6153.57118129,0.3,0.06,0.25,0.0125,280509.0223,143692.9088,0.25
KER01,ALPIS,2,2005,0,2,245.758,1398.532667,139.8532667,100.759282241406,5.0379641120703,82.21,136.97,5971.51425,298.5757125,1.36,0.068,35758.11304,715.1622608,48631.0337344,2431.55168672,3.84,0.192,137311.1540736,6865.55770368,0.6,0.12,0.55,0.0275,280510.0223,143693.9088,0.866666666666667
KER01,CORN,3,2005,0,2,245.758,284.8986667,28.48986667,100.759323875514,5.0379661937757,82.21,136.97,62.40061275,3.1200306375,25.45,1.2725,10098.04301,201.9608602,256995.1946045,12849.759730225,3.03,0.1515,30597.0703203,1529.853516015,0.62,0.124,0.25,0.0125,280511.0223,143694.9088,0.866666666666667
KER01,COTTN,4,2005,0,2,245.758,565.88,56.588,100.75936550923,5.0379682754615,82.21,136.97,5698.793698,284.9396849,0.57,0.0285,26452.02834,529.0405668,15077.6561538,301.553123076,2.66,0.133,70362.3953844,3518.11976922,1.55,0.31,0.7,0.035,280512.0223,143695.9088,0.866666666666667
KER01,CUCUR,5,2005,0,2,245.758,623.632,62.3632,100.759407142552,5.0379703571276,82.21,136.97,254.13876,12.706938,31.52,1.576,447.9639547,8.959279094,14119.823852144,705.9911926072,1.495724939,0.07478624695,670.030858817856,33.5015429408928,0.62,0.124,0.3,0.015,280513.0223,143696.9088,0.866666666666667
KER01,DRYBN,6,2005,0,2,245.758,459.08,45.908,100.759448775483,5.03797243877415,82.21,136.97,1088.230877,54.41154385,1.46,0.073,143.4,2.868,209.364,10.4682,2.91,0.1455,417.294,20.8647,0.8,0.16,0.3,0.015,280514.0223,143697.9088,0.866666666666667
KER01,FRTOM,7,2005,0,2,245.758,377.296,37.7296,100.75949040802,5.037974520401,82.21,136.97,789.1,39.455,12.6,0.63,2.433961578,0.04867923156,30.6679158828,1.53339579414,1.193843949,0.05969219745,2.90577030199379,0.14528851509969,0.7,0.14,0.3,0.015,280515.0223,143698.9088,0.866666666666667
KER01,GRAIN,8,2005,0,2,245.758,200,20,100.759532040165,5.03797660200825,82.21,136.97,479.4683505,23.973417525,2.02,0.101,21339.49826,426.7899652,43105.7864852,2155.28932426,1.24,0.062,26460.9778424,1323.04889212,0.42,0.084,0.15,0.0075,280516.0223,143699.9088,0.866666666666667
KER01,ONGAR,9,2005,0,2,245.758,643.018,64.3018,100.759573671918,5.0379786835959,82.21,136.97,231.47338,11.573669,17.91,0.8955,775.6626489,15.513252978,13892.118041799,277.84236083598,2.82,0.564,2187.368669898,109.3684334949,0.5,,0.2,0.01,280517.0223,143700.9088,0.866666666666667
KER01,OTHDEC,10,2005,0,2,245.758,698.7795,69.87795,100.759615303278,5.0379807651639,82.21,136.97,1396.1,69.805,5.58,0.279,766.4320901,15.328641802,4276.691062758,85.53382125516,3.04,0.608,2329.953553904,116.4976776952,0.73,,0.4,0.02,280518.0223,143701.9088,0.866666666666667
KER01,OTHFLD,11,2005,0,2,245.758,159,7.95,100.759656934245,5.03798284671225,82.21,136.97,49.52247358,0.9904494716,20.95,1.0475,1362.969967,27.25939934,28554.22080865,571.084416173,2.5,0.125,3407.4249175,170.371245875,0.7,,0.3,0.015,280519.0223,143702.9088,0.866666666666667
KER01,OTHTRK,12,2005,0,2,245.758,289.8,28.98,100.75969856482,5.037984928241,82.21,136.97,492.04634,24.602317,18.99,0.9495,2763.267162,55.26534324,52474.44340638,2623.722170319,1.02,0.051,2818.53250524,140.926625262,0.4,,0.2,0.01,280520.0223,143703.9088,0.866666666666667
KER01,PASTR,13,2005,0,2,245.758,10,1,100.759740195002,5.0379870097501,82.21,136.97,800.85017432,40.042508716,1.5,0.075,95.33871998,1.9067743996,143.00807997,2.8601615994,4.29,0.2145,409.0031087142,20.45015543571,1.5,0.3,0.55,0.0275,280521.0223,143704.9088,0.866666666666667
KER01,PRTOM,14,2005,0,2,245.758,561.5253333,56.15253333,100.759781824792,5.0379890912396,82.21,136.97,69.95926658,3.497963329,45.2,2.26,1765.774939,35.31549878,79813.0272428,3990.65136214,2.46,0.123,4343.80634994,217.190317497,0.7,0.14,0.33,0.0165,280522.0223,143705.9088,0.866666666666667
KER01,SAFLR,15,2005,0,2,245.758,100,10,100.75982345419,5.0379911727095,82.21,136.97,109.3105551,5.465527755,28.75,1.4375,0,0,0,0,0,0,0,0,1.1,0.22,0.3,0.015,280523.0223,143706.9088,0.866666666666667
KER01,SUBTRP,17,2005,0,2,245.758,1131.6,113.16,100.759906711807,5.03799533559035,82.21,136.97,661.63,33.0815,12.6,0.63,179.7576445,1.797576445,2264.9463207,113.247316035,2.76,0.276,496.13109882,24.806554941,0.8,0.16,0.4,0.02,280525.0223,143708.9088,0.866666666666667
KER01,VINE,18,2005,0,2,245.758,957.453,47.87265,100.759948340026,5.0379974170013,82.21,136.97,1569.702,78.4851,11.66,0.583,4641.28127,92.8256254,54117.3396082,1082.346792164,2.41,0.482,11185.4878607,559.274393035,0.75,0.15,0.39,0.0195,280526.0223,143709.9088,0.866666666666667
KER01,ALFAL,1,2006,0,0,237.39,100,10,96.946735663142,4.8473367831571,82.21,132.99,226.6628539,11.333142695,8.2,0.41,26435.16153,528.7032306,216768.324546,4335.36649092,4.2,0.21,111027.678426,5551.3839213,0.3,0.06,0.25,0.0125,305754.8012,125011.6427,0.866666666666667
KER01,ALPIS,2,2006,0,0,237.39,1398.532667,139.8532667,96.9467851248168,4.84733925624084,82.21,132.99,4613.48328,230.674164,1.02,0.051,48250.10761,965.0021522,49215.1097622,2460.75548811,3.79,0.1895,182867.9078419,9143.395392095,0.6,0.12,0.55,0.0275,305755.8012,125012.6427,0.866666666666667
KER01,CORN,3,2006,0,0,237.39,284.8986667,28.48986667,96.9468345860323,4.84734172930162,82.21,132.99,61.07006329,3.0535031645,26.17,1.3085,11274.11937,225.4823874,295043.7039129,14752.185195645,2.99,0.1495,33709.6169163,1685.480845815,0.62,0.124,0.25,0.0125,305756.8012,125013.6427,0.866666666666667
KER01,COTTN,4,2006,0,0,237.39,565.88,56.588,96.9468840467885,4.84734420233943,82.21,132.99,5964.810211,298.24051055,0.575,0.02875,15802.33397,316.0466794,9086.34203275,181.726840655,2.62,0.131,41402.1150014,2070.10575007,1.55,0.31,0.7,0.035,305757.8012,125014.6427,0.866666666666667
KER01,CUCUR,5,2006,0,0,237.39,623.632,62.3632,96.9469335070854,4.84734667535427,82.21,132.99,315.6330365,15.781651825,25.75,1.2875,180.862684,3.61725368,4657.214113,232.86070565,1.578685773,0.07893428865,285.525346097395,14.2762673048698,0.62,0.124,0.3,0.015,305758.8012,125015.6427,0.866666666666667
KER01,DRYBN,6,2006,0,0,237.39,459.08,45.908,96.9469829669231,4.84734914834616,82.21,132.99,1110.935234,55.5467617,1.41,0.0705,404.2638278,8.085276556,570.011997198,28.5005998599,2.511068514,0.1255534257,1015.1341693377,50.756708466885,0.8,0.16,0.3,0.015,305759.8012,125016.6427,0.866666666666667
KER01,FRTOM,7,2006,0,0,237.39,377.296,37.7296,96.9470324263015,4.84735162131508,82.21,132.99,627.984,31.3992,23.04,1.152,2.433923402,0.04867846804,56.07759518208,2.803879759104,1.64,0.082,3.99163437928,0.199581718964,0.7,0.14,0.3,0.015,305760.8012,125017.6427,0.866666666666667
KER01,GRAIN,8,2006,0,0,237.39,200,20,96.9470818852207,4.84735409426104,82.21,132.99,449.0998389,22.454991945,2.175,0.10875,20430.3145,408.60629,44435.9340375,2221.796701875,1.27,0.0635,25946.499415,1297.32497075,0.42,0.084,0.15,0.0075,305761.8012,125018.6427,0.866666666666667
KER01,ONGAR,9,2006,0,0,237.39,643.018,64.3018,96.9471313436805,4.84735656718403,82.21,132.99,213.6423098,10.68211549,18.95,0.9475,1063.898471,21.27796942,20160.87602545,403.217520509,2.84,0.568,3021.47165764,151.073582882,0.5,,0.2,0.01,305762.8012,125019.6427,0.866666666666667
KER01,OTHDEC,10,2006,0,0,237.39,698.7795,69.87795,96.9471808016812,4.84735904008406,82.21,132.99,1799.28,89.964,4.19,0.2095,751.4835382,15.029670764,3148.716025058,62.97432050116,2.95,0.59,2216.87643769,110.8438218845,0.73,,0.4,0.02,305763.8012,125020.6427,0.866666666666667
KER01,OTHFLD,11,2006,0,0,237.39,159,7.95,96.9472302592227,4.84736151296114,82.21,132.99,43.45998448,0.8691996896,24.05,1.2025,1654.820583,33.09641166,39798.43502115,795.968700423,2.46,0.123,4070.85863418,203.542931709,0.7,,0.3,0.015,305764.8012,125021.6427,0.866666666666667
KER01,OTHTRK,12,2006,0,0,237.39,289.8,28.98,96.9472797163049,4.84736398581525,82.21,132.99,412.8712119,20.643560595,16.15,0.8075,3803.644008,76.07288016,61428.8507292,3071.44253646,1.35,0.0675,5134.9194108,256.74597054,0.4,,0.2,0.01,305765.8012,125022.6427,0.866666666666667
KER01,PASTR,13,2006,0,0,237.39,10,1,96.9473291729278,4.84736645864639,82.21,132.99,807.818874688,40.3909437344,1.5,0.075,95.33763347,1.9067526694,143.006450205,2.8601290041,4.16,0.208,396.6045552352,19.83022776176,1.5,0.3,0.55,0.0275,305766.8012,125023.6427,0.866666666666667
KER01,PRTOM,14,2006,0,0,237.39,561.5253333,56.15253333,96.9473786290916,4.84736893145458,82.21,132.99,107.5264551,5.376322755,29.47,1.4735,1158.928949,23.17857898,34153.63612703,1707.6818063515,2.41,0.1205,2793.01876709,139.6509383545,0.7,0.14,0.33,0.0165,305767.8012,125024.6427,0.866666666666667
KER01,SAFLR,15,2006,0,0,237.39,100,10,96.9474280847962,4.84737140423981,82.21,132.99,768.2342405,38.411712025,0.82,0.041,0,0,0,0,0,0,0,0,1.1,0.22,0.3,0.015,305768.8012,125025.6427,0.866666666666667
KER01,SUBTRP,17,2006,0,0,237.39,1131.6,113.16,96.9475269948277,4.84737634974139,82.21,132.99,687.5328564,34.37664282,12.17,0.6085,179.7534136,1.797534136,2187.599043512,109.3799521756,2.72,0.272,488.929284992,24.4464642496,0.8,0.16,0.4,0.02,305770.8012,125027.6427,0.866666666666667
KER01,VINE,18,2006,0,0,237.39,957.453,47.87265,96.9475764491546,4.84737882245773,82.21,132.99,1867.488,93.3744,9.46,0.473,4717.455465,94.3491093,44627.1286989,892.542573978,2.36,0.472,11133.1948974,556.65974487,0.75,0.15,0.39,0.0195,305771.8012,125028.6427,0.866666666666667
KER01,ALFAL,1,2007,2,0,261.391,100,10,132.217159789284,6.6108579894642,113,144.41,219.2059586,10.96029793,8.08,0.404,28643.179,572.86358,231436.88632,4628.7377264,4.85,0.2425,138919.41815,6945.9709075,0.3,0.06,0.25,0.0125,201558.2037,317676.2871,0.866666666666667
KER01,ALPIS,2,2007,2,0,261.391,1398.532667,139.8532667,132.217146261114,6.6108573130557,113,144.41,3489.38469,174.4692345,1.575,0.07875,49939.39612,998.7879224,78654.548889,3932.72744445,4.23,0.2115,211243.6455876,10562.18227938,0.6,0.12,0.55,0.0275,201559.2037,317677.2871,0.2
KER01,CORN,3,2007,2,0,261.391,284.8986667,28.48986667,132.217132733048,6.6108566366524,113,144.41,56.06437742,2.803218871,27.33,1.3665,10228.65586,204.5731172,279549.1646538,13977.45823269,3.39,0.1695,34675.1433654,1733.75716827,0.62,0.124,0.25,0.0125,201560.2037,317678.2871,0.2
KER01,COTTN,4,2007,2,0,261.391,565.88,56.588,132.217119205086,6.6108559602543,113,144.41,4378.669596,218.9334798,0.81,0.0405,10574.76267,211.4952534,8565.5577627,171.311155254,3,0.15,31724.28801,1586.2144005,1.55,0.31,0.7,0.035,201561.2037,317679.2871,0.2
KER01,CUCUR,5,2007,2,0,261.391,623.632,62.3632,132.217105677229,6.61085528386145,113,144.41,299.1943615,14.959718075,27.11,1.3555,168.9035469,3.378070938,4578.975156459,228.94875782295,2.10189577,0.1050947885,355.017650767107,17.7508825383554,0.62,0.124,0.3,0.015,201562.2037,317680.2871,0.2
KER01,DRYBN,6,2007,2,0,261.391,459.08,45.908,132.217092149475,6.61085460747375,113,144.41,1168.491471,58.42457355,1.28,0.064,146.3161774,2.926323548,187.284707072,9.3642353536,2.587196806,0.1293598403,378.548746835409,18.9274373417705,0.8,0.16,0.3,0.015,201563.2037,317681.2871,0.2
KER01,FRTOM,7,2007,2,0,261.391,377.296,37.7296,132.217078621826,6.6108539310913,113,144.41,730.377,36.51885,20.1,1.005,2.433914943,0.04867829886,48.9216903543,2.446084517715,2.6,0.13,6.3281788518,0.31640894259,0.7,0.14,0.3,0.015,201564.2037,317682.2871,0.2
KER01,GRAIN,8,2007,2,0,261.391,200,20,132.217065094281,6.61085325471405,113,144.41,448.676334,22.4338167,2.245,0.11225,23390.64364,467.8128728,52511.9949718,2625.59974859,2.43,0.1215,56839.2640452,2841.96320226,0.42,0.084,0.15,0.0075,201565.2037,317683.2871,0.2
KER01,ONGAR,9,2007,2,0,261.391,643.018,64.3018,132.217051566841,6.61085257834205,113,144.41,225.82251,11.2911255,23.12,1.156,1155.759933,23.11519866,26721.16965096,534.4233930192,3.87,0.774,4472.79094071,223.6395470355,0.5,,0.2,0.01,201566.2037,317684.2871,0.2
KER01,OTHDEC,10,2007,2,0,261.391,698.7795,69.87795,132.217038039504,6.6108519019752,113,144.41,1405.89,70.2945,5.08,0.254,818.480415,16.3696083,4157.8805082,83.157610164,3.36,0.672,2750.0941944,137.50470972,0.73,,0.4,0.02,201567.2037,317685.2871,0.2
KER01,OTHFLD,11,2007,2,0,261.391,159,7.95,132.217024512272,6.6108512256136,113,144.41,48.65654911,0.9731309822,20.44,1.022,3852.838881,77.05677762,78752.02672764,1575.0405345528,2.85,0.1425,10980.59081085,549.0295405425,0.7,,0.3,0.015,201568.2037,317686.2871,0.2
KER01,OTHTRK,12,2007,2,0,261.391,289.8,28.98,132.217010985144,6.6108505492572,113,144.41,345.8594642,17.29297321,19.21,0.9605,3922.175426,78.44350852,75344.98993346,3767.249496673,1.63,0.0815,6393.14594438,319.657297219,0.4,,0.2,0.01,201569.2037,317687.2871,0.2
KER01,PASTR,13,2007,2,0,261.391,10,1,132.21699745812,6.610849872906,113,144.41,606.430330016,30.3215165008,1.5,0.075,105.3373774,2.106747548,158.0060661,3.160121322,4.94,0.247,520.366644356,26.0183322178,1.5,0.3,0.55,0.0275,201570.2037,317688.2871,0.2
KER01,PRTOM,14,2007,2,0,261.391,561.5253333,56.15253333,132.216983931201,6.61084919656005,113,144.41,68.58,3.429,45.12,2.256,1798.315582,35.96631164,81139.99905984,4056.999952992,3.12,0.156,5610.74461584,280.537230792,0.7,0.14,0.33,0.0165,201571.2037,317689.2871,0.2
KER01,SAFLR,15,2007,2,0,261.391,100,10,132.216970404385,6.61084852021925,113,144.41,1357.89889,67.8949445,0.49,0.0245,184.0969228,3.681938456,90.207492172,1.80414984344,2.097047872,0.1048523936,386.060060199488,19.3030030099744,1.1,0.22,0.3,0.015,201572.2037,317690.2871,0.2
KER01,SUBTRP,17,2007,2,0,261.391,1131.6,113.16,132.216943351067,6.61084716755335,113,144.41,926.973,46.34865,9.62,0.481,232.4339149,2.324339149,2236.014261338,111.8007130669,3.27,0.327,760.058901723,38.00294508615,0.8,0.16,0.4,0.02,201574.2037,317692.2871,0.2
KER01,VINE,18,2007,2,0,261.391,957.453,47.87265,132.216929824564,6.6108464912282,113,144.41,1859.661,92.98305,9.75,0.4875,4562.096945,91.2419389,44480.44521375,889.608904275,2.75,0.55,12545.76659875,627.2883299375,0.75,0.15,0.39,0.0195,201575.2037,317693.2871,0.2
KER01,ALFAL,1,2008,2,2,269.824,100,10,134.670269827476,6.7335134913738,113,148.42,232.41009,11.6205045,8.65,0.4325,29357.73917,587.1547834,253944.4438205,5078.88887641,5.46,0.273,160293.2558682,8014.66279341,0.3,0.06,0.25,0.0125,63865.0516,527053.1046,0.2
KER01,ALPIS,2,2008,2,2,269.824,1398.532667,139.8532667,144.592218177957,7.22961090889785,113,148.42,4058.615274,202.9307637,1.105,0.05525,53519.67199,1070.3934398,59139.23754895,2956.9618774475,4.68,0.234,250472.0649132,12523.60324566,0.6,0.12,0.55,0.0275,63858.0516,527046.1046,0.2
KER01,CORN,3,2008,2,2,269.824,284.8986667,28.48986667,144.592171191754,7.2296085595877,113,148.42,53.1783,2.658915,26.3,1.315,9569.950954,191.39901908,251689.7100902,12584.48550451,3.51,0.1755,33590.52784854,1679.526392427,0.62,0.124,0.25,0.0125,63868.0516,527056.1046,0.2
KER01,COTTN,4,2008,2,2,269.824,565.88,56.588,144.59212420587,7.2296062102935,113,148.42,4959.261975,247.96309875,0.735,0.03675,6602.226268,132.04452536,4852.63630698,97.0527261396,3.12,0.156,20598.94595616,1029.947297808,1.55,0.31,0.7,0.035,63860.0516,527048.1046,0.2
KER01,CUCUR,5,2008,2,2,269.824,623.632,62.3632,144.592077220303,7.22960386101515,113,148.42,532.9226419,26.646132095,15.12,0.756,249.3339149,4.986678298,3769.928793288,188.4964396644,2.154163849,0.10770819245,537.106105807222,26.8553052903611,0.62,0.124,0.3,0.015,63861.0516,527049.1046,0.2
KER01,DRYBN,6,2008,2,2,269.824,459.08,45.908,144.592030235055,7.22960151175275,113,148.42,992.45241,49.6226205,1.5,0.075,7,0.14,10.5,0.525,2.706467785,0.13532338925,18.945274495,0.94726372475,0.8,0.16,0.3,0.015,63862.0516,527050.1046,0.2
KER01,FRTOM,7,2008,2,2,269.824,377.296,37.7296,144.591983250125,7.22959916250625,113,148.42,735.468,36.7734,14.61,0.7305,2.433914943,0.04867829886,35.55949731723,1.7779748658615,2.63,0.1315,6.40119630009,0.3200598150045,0.7,0.14,0.3,0.015,63863.0516,527051.1046,0.2
KER01,GRAIN,8,2008,2,2,269.824,200,20,144.591936265512,7.2295968132756,113,148.42,360.1495607,18.007478035,2.62,0.131,26794.49146,535.8898292,70201.5676252,3510.07838126,2.43,0.1215,65110.6142478,3255.53071239,0.42,0.084,0.15,0.0075,63864.0516,527052.1046,0.2
KER01,ONGAR,9,2008,2,2,269.824,643.018,64.3018,144.591889281218,7.2295944640609,113,148.42,210.3934954,10.51967477,18.65,0.9325,1652.158224,33.04316448,30812.7508776,616.255017552,3.9,0.78,6443.4170736,322.17085368,0.5,,0.2,0.01,63865.0516,527053.1046,0.2
KER01,OTHDEC,10,2008,2,2,269.824,698.7795,69.87795,144.591842297242,7.2295921148621,113,148.42,1486.35,74.3175,4.19,0.2095,1148.860431,22.97720862,4813.72520589,96.2745041178,3.77,0.754,4331.20382487,216.5601912435,0.73,,0.4,0.02,63866.0516,527054.1046,0.2
KER01,OTHFLD,11,2008,2,2,269.824,159,7.95,144.591795313584,7.2295897656792,113,148.42,41.49669,0.8299338,22.5,1.125,5187.441784,103.74883568,116717.44014,2334.3488028,2.95,0.1475,15302.9532628,765.14766314,0.7,,0.3,0.015,63867.0516,527055.1046,0.2
KER01,OTHTRK,12,2008,2,2,269.824,289.8,28.98,144.591748330244,7.2295874165122,113,148.42,400.4538134,20.02269067,16.5,0.825,3403.874757,68.07749514,56163.9334905,2808.196674525,1.82,0.091,6195.05205774,309.752602887,0.4,,0.2,0.01,63868.0516,527056.1046,0.2
KER01,PASTR,13,2008,2,2,269.824,10,1,144.591701347222,7.2295850673611,113,148.42,634.37739904,31.718869952,1.5,0.075,145.269457,2.90538914,217.9041855,4.35808371,5.38,0.269,781.54967866,39.077483933,1.5,0.3,0.55,0.0275,63869.0516,527057.1046,0.2
KER01,PRTOM,14,2008,2,2,269.824,561.5253333,56.15253333,144.591654364517,7.22958271822585,113,148.42,73.3266,3.66633,49.88,2.494,1371.881408,27.43762816,68429.44463104,3421.472231552,3.17,0.1585,4348.86406336,217.443203168,0.7,0.14,0.33,0.0165,63870.0516,527058.1046,0.2
KER01,SAFLR,15,2008,2,2,269.824,100,10,144.591607382131,7.22958036910655,113,148.42,1239.96885,61.9984425,0.5,0.025,200.8917455,4.01783491,100.44587275,2.008917455,2.388229637,0.11941148185,479.775620431761,23.9887810215881,1.1,0.22,0.3,0.015,63871.0516,527059.1046,0.2
KER01,SUBTRP,17,2008,2,2,269.824,1131.6,113.16,144.591513418313,7.22957567091565,113,148.42,663.903,33.19515,12.09,0.6045,232.4339149,2.324339149,2810.126031141,140.50630155705,3.7,0.37,860.00548513,43.0002742565,0.8,0.16,0.4,0.02,63873.0516,527061.1046,0.2
KER01,VINE,18,2008,2,2,269.824,957.453,47.87265,144.591466436881,7.22957332184405,113,148.42,1675.722,83.7861,10.16,0.508,7007.271857,140.14543714,71193.88206712,1423.8776413424,3.03,0.606,21232.03372671,1061.6016863355,0.75,0.15,0.39,0.0195,63874.0516,527062.1046,0.2
KER01,ALFAL,1,2009,1,2,277.525,100,10,138.434659005878,6.9217329502939,82.21,152.09,234.9905612,11.74952806,7.34,0.367,29521.96034,590.4392068,216691.1888956,4333.823777912,5.59,0.2795,165027.7583006,8251.38791503,0.3,0.06,0.25,0.0125,116690.4979,480462.8062,0.2
KER01,ALPIS,2,2009,1,2,277.525,1398.532667,139.8532667,138.434587719033,6.92172938595165,82.21,152.09,3910.7055,195.535275,1.325,0.06625,53440.68114,1068.8136228,70808.9025105,3540.445125525,4.85,0.2425,259187.303529,12959.36517645,0.6,0.12,0.55,0.0275,116691.4979,480463.8062,0.857142857142857
KER01,CORN,3,2009,1,2,277.525,284.8986667,28.48986667,138.434516432664,6.9217258216332,82.21,152.09,55.22084115,2.7610420575,26.945,1.34725,11587.79916,231.7559832,312233.2483662,15611.66241831,3.63,0.1815,42063.7109508,2103.18554754,0.62,0.124,0.25,0.0125,116692.4979,480464.8062,0.857142857142857
KER01,COTTN,4,2009,1,2,277.525,565.88,56.588,138.434445146774,6.9217222573387,82.21,152.09,5003.342825,250.16714125,0.77,0.0385,5106.870712,102.13741424,3932.29044824,78.6458089648,3.19,0.1595,16290.91757128,814.545878564,1.55,0.31,0.7,0.035,116693.4979,480465.8062,0.857142857142857
KER01,CUCUR,5,2009,1,2,277.525,623.632,62.3632,138.434373861361,6.92171869306805,82.21,152.09,360.9079441,18.045397205,22.39,1.1195,602.073804,12.04147608,13480.43247156,674.021623578,2.181955055,0.10909775275,1313.69798012088,65.684899006044,0.62,0.124,0.3,0.015,116694.4979,480466.8062,0.857142857142857
KER01,DRYBN,6,2009,1,2,277.525,459.08,45.908,138.434302576425,6.92171512882125,82.21,152.09,954.8945899,47.744729495,1.53,0.0765,509.5075762,10.190151524,779.546591586,38.9773295793,2.750333614,0.1375166807,1401.31581341053,70.0657906705265,0.8,0.16,0.3,0.015,116695.4979,480467.8062,0.857142857142857
KER01,FRTOM,7,2009,1,2,277.525,377.296,37.7296,138.434231291967,6.92171156459835,82.21,152.09,686.288,34.3144,12.86,0.643,0,0,0,0,0,0,0,0,0.7,0.14,0.3,0.015,116696.4979,480468.8062,0.857142857142857
KER01,GRAIN,8,2009,1,2,277.525,200,20,138.434160007986,6.9217080003993,82.21,152.09,505.545871,25.27729355,1.915,0.09575,24881.2577,497.625154,47647.6084955,2382.380424775,2.43,0.1215,60461.456211,3023.07281055,0.42,0.084,0.15,0.0075,116697.4979,480469.8062,0.857142857142857
KER01,ONGAR,9,2009,1,2,277.525,643.018,64.3018,138.434088724483,6.92170443622415,82.21,152.09,200.9111,10.045555,25.42,1.271,1280.356954,25.60713908,32546.67377068,650.9334754136,3.93,0.786,5031.80282922,251.590141461,0.5,,0.2,0.01,116698.4979,480470.8062,0.857142857142857
KER01,OTHDEC,10,2009,1,2,277.525,698.7795,69.87795,138.434017441457,6.92170087207285,82.21,152.09,1569.1,78.455,5.64,0.282,1326.122496,26.52244992,7479.33087744,149.5866175488,3.89,0.778,5158.61650944,257.930825472,0.73,,0.4,0.02,116699.4979,480471.8062,0.857142857142857
KER01,OTHFLD,11,2009,1,2,277.525,159,7.95,138.433946158909,6.92169730794545,82.21,152.09,62.38416692,1.2476833384,15.33,0.7665,4060.133631,81.20267262,62241.84856323,1244.8369712646,3.03,0.1515,12302.20490193,615.1102450965,0.7,,0.3,0.015,116700.4979,480472.8062,0.857142857142857
KER01,OTHTRK,12,2009,1,2,277.525,289.8,28.98,138.433874876838,6.9216937438419,82.21,152.09,445.59125,22.2795625,16.135,0.80675,3581.437382,71.62874764,57786.49215857,2889.3246079285,1.79,0.0895,6410.77291378,320.538645689,0.4,,0.2,0.01,116701.4979,480473.8062,0.857142857142857
KER01,PASTR,13,2009,1,2,277.525,10,1,138.433803595245,6.92169017976225,82.21,152.09,688.426251968,34.4213125984,1.5,0.075,87.63543132,1.7527086264,131.45314698,2.6290629396,5.52,0.276,483.7475808864,24.18737904432,1.5,0.3,0.55,0.0275,116702.4979,480474.8062,0.857142857142857
KER01,PRTOM,14,2009,1,2,277.525,561.5253333,56.15253333,138.433732314129,6.92168661570645,82.21,152.09,79.339,3.96695,53.91,2.6955,2035.222758,40.70445516,109718.85888378,5485.942944189,3.24,0.162,6594.12173592,329.706086796,0.7,0.14,0.33,0.0165,116703.4979,480475.8062,0.857142857142857
KER01,SAFLR,15,2009,1,2,277.525,100,10,138.43366103349,6.9216830516745,82.21,152.09,526.9390412,26.34695206,1.225,0.06125,172.1229709,3.442459418,210.8506393525,4.21701278705,2.42101704,0.121050852,416.712645524324,20.8356322762162,1.1,0.22,0.3,0.015,116704.4979,480476.8062,0.857142857142857
KER01,SUBTRP,17,2009,1,2,277.525,1131.6,113.16,138.433518473646,6.9216759236823,82.21,152.09,1122.791187,56.13955935,7.38,0.369,230,2.3,1697.4,84.87,3.75,0.375,862.5,43.125,0.8,0.16,0.4,0.02,116706.4979,480478.8062,0.857142857142857
KER01,VINE,18,2009,1,2,277.525,957.453,47.87265,138.433447194439,6.92167235972195,82.21,152.09,1969.11,98.4555,9.06,0.453,4519.70117,90.3940234,40948.4926002,818.969852004,3.13,0.626,14146.6646621,707.333233105,0.75,0.15,0.39,0.0195,116707.4979,480479.8062,0.857142857142857
KER01,ALFAL,1,2010,1,1,271.247,100,10,128.058672156513,6.40293360782565,82.21,149.1,232.2796803,11.613984015,7.62,0.381,24956.58138,499.1316276,190169.1501156,3803.383002312,5.13,0.2565,128027.2624794,6401.36312397,0.3,0.06,0.25,0.0125,171078.4391,372776.8193,0.857142857142857
KER01,ALPIS,2,2010,1,1,271.247,1398.532667,139.8532667,128.058626542808,6.4029313271404,82.21,149.1,4176.98229,208.8491145,1.815,0.09075,54265.58893,1085.3117786,98492.04390795,4924.6021953975,4.56,0.228,247451.0855208,12372.55427604,0.6,0.12,0.55,0.0275,171079.4391,372777.8193,0.857142857142857
KER01,CORN,3,2010,1,1,271.247,284.8986667,28.48986667,128.058580929439,6.40292904647195,82.21,149.1,54.71899705,2.7359498525,27.94,1.397,10006.06574,200.1213148,279569.4767756,13978.47383878,3.54,0.177,35421.4727196,1771.07363598,0.62,0.124,0.25,0.0125,171080.4391,372778.8193,0.857142857142857
KER01,COTTN,4,2010,1,1,271.247,565.88,56.588,128.058535316405,6.40292676582025,82.21,149.1,5527.36542,276.368271,0.735,0.03675,9542.378291,190.84756582,7013.648043885,140.2729608777,3.13,0.1565,29867.64405083,1493.3822025415,1.55,0.31,0.7,0.035,171081.4391,372779.8193,0.857142857142857
KER01,CUCUR,5,2010,1,1,271.247,623.632,62.3632,128.058489703707,6.40292448518535,82.21,149.1,309.6434763,15.482173815,26.12,1.306,363.4838826,7.269677652,9494.199013512,474.7099506756,1.814348564,0.0907174282,659.486460432455,32.9743230216228,0.62,0.124,0.3,0.015,171082.4391,372780.8193,0.857142857142857
KER01,DRYBN,6,2010,1,1,271.247,459.08,45.908,128.058444091344,6.4029222045672,82.21,149.1,959.349926,47.9674963,1.55,0.0775,553.9125695,11.07825139,858.564482725,42.92822413625,2.592214874,0.1296107437,1435.86040155346,71.793020077673,0.8,0.16,0.3,0.015,171083.4391,372781.8193,0.857142857142857
KER01,FRTOM,7,2010,1,1,271.247,377.296,37.7296,128.058398479317,6.40291992396585,82.21,149.1,686.288,34.3144,12.86,0.643,0,0,0,0,0,0,0,0,0.7,0.14,0.3,0.015,171084.4391,372782.8193,0.857142857142857
KER01,GRAIN,8,2010,1,1,271.247,200,20,128.058352867626,6.4029176433813,82.21,149.1,412.2812994,20.61406497,2.385,0.11925,22525.07782,450.5015564,53722.3106007,2686.115530035,2.15,0.1075,48428.917313,2421.44586565,0.42,0.084,0.15,0.0075,171085.4391,372783.8193,0.857142857142857
KER01,ONGAR,9,2010,1,1,271.247,643.018,64.3018,128.058307256269,6.40291536281345,82.21,149.1,293.49,14.6745,20.21,1.0105,993.3686169,19.867372338,20075.979747549,401.51959495098,3.66,0.732,3635.729137854,181.7864568927,0.5,,0.2,0.01,171086.4391,372784.8193,0.857142857142857
KER01,OTHDEC,10,2010,1,1,271.247,698.7795,69.87795,128.058261645248,6.4029130822624,82.21,149.1,1641.37,82.0685,3.28,0.164,1652.013986,33.04027972,5418.60587408,108.3721174816,3.6,0.72,5947.2503496,297.36251748,0.73,,0.4,0.02,171087.4391,372785.8193,0.857142857142857
KER01,OTHFLD,11,2010,1,1,271.247,159,7.95,128.058216034563,6.40291080172815,82.21,149.1,45.03004505,0.900600901,22.04,1.102,5202.151935,104.0430387,114655.4286474,2293.108572948,2.99,0.1495,15554.43428565,777.7217142825,0.7,,0.3,0.015,171088.4391,372786.8193,0.857142857142857
KER01,OTHTRK,12,2010,1,1,271.247,289.8,28.98,128.058170424213,6.40290852121065,82.21,149.1,509.61821,25.4809105,15.77,0.7885,2969.31157,59.3862314,46826.0434589,2341.302172945,1.74,0.087,5166.6021318,258.33010659,0.4,,0.2,0.01,171089.4391,372787.8193,0.857142857142857
KER01,PASTR,13,2010,1,1,271.247,10,1,128.058124814199,6.40290624070995,82.21,149.1,728.576931376,36.4288465688,1.5,0.075,87.02222221,1.7404444442,130.533333315,2.6106666663,5.07,0.2535,441.2026666047,22.060133330235,1.5,0.3,0.55,0.0275,171090.4391,372788.8193,0.857142857142857
KER01,PRTOM,14,2010,1,1,271.247,561.5253333,56.15253333,128.05807920452,6.402903960226,82.21,149.1,70.01367,3.5006835,54.53,2.7265,1355.092182,27.10184364,73893.17668446,3694.658834223,3.16,0.158,4282.09129512,214.104564756,0.7,0.14,0.33,0.0165,171091.4391,372789.8193,0.857142857142857
KER01,SAFLR,15,2010,1,1,271.247,100,10,128.058033595176,6.4029016797588,82.21,149.1,329.6871,16.484355,3.55,0.1775,227.5890368,4.551780736,807.94108064,16.1588216128,2.128194891,0.10640974455,484.353825365371,24.2176912682685,1.1,0.22,0.3,0.015,171092.4391,372790.8193,0.857142857142857
KER01,SUBTRP,17,2010,1,1,271.247,1131.6,113.16,128.057942377495,6.40289711887475,82.21,149.1,764.161,38.20805,11.16,0.558,749.1560456,7.491560456,8360.581468896,418.0290734448,3.42,0.342,2562.113675952,128.1056837976,0.8,0.16,0.4,0.02,171094.4391,372792.8193,0.857142857142857
KER01,VINE,18,2010,1,1,271.247,957.453,47.87265,128.057896769158,6.4028948384579,82.21,149.1,1785.941,89.29705,10.93,0.5465,4862.332928,97.24665856,53145.29890304,1062.9059780608,2.98,0.596,14489.75212544,724.487606272,0.75,0.15,0.39,0.0195,171095.4391,372793.8193,0.857142857142857
KER01,ALFAL,1,2011,0,1,257.675,100,10,107.945564693779,5.39727823468895,82.21,142.64,254.31966,12.715983,8.18,0.409,22659.32569,453.1865138,185353.2841442,3707.065682884,4.456036745,0.22280183725,100970.787891562,5048.5393945781,0.3,0.06,0.25,0.0125,286941.5951,212846.9283,0.857142857142857
KER01,ALPIS,2,2011,0,1,257.675,1398.532667,139.8532667,107.94558261903,5.3972791309515,82.21,142.64,4022.10089,201.1050445,1.425,0.07125,60244.32398,1204.8864796,85848.1616715,4292.408083575,4.321784777,0.21608923885,260363.00227742,13018.150113871,0.6,0.12,0.55,0.0275,286942.5951,212847.9283,0.6
KER01,CORN,3,2011,0,1,257.675,284.8986667,28.48986667,107.945600544138,5.3972800272069,82.21,142.64,57.50296364,2.875148182,26.215,1.31075,10811.54112,216.2308224,283424.5504608,14171.22752304,2.240912073,0.11204560365,24227.7130235439,1211.3856511772,0.62,0.124,0.25,0.0125,286943.5951,212848.9283,0.6
KER01,COTTN,4,2011,0,1,257.675,565.88,56.588,107.945618469102,5.3972809234551,82.21,142.64,5841.359895,292.06799475,0.74,0.037,11676.60068,233.5320136,8640.6845032,172.813690064,3.333562992,0.1666781496,38924.68389921,1946.2341949605,1.55,0.31,0.7,0.035,286944.5951,212849.9283,0.6
KER01,CUCUR,5,2011,0,1,257.675,623.632,62.3632,107.945636393923,5.39728181969615,82.21,142.64,295.12,14.756,42.39,2.1195,403.1057967,8.062115934,17087.654722113,854.38273610565,1.826304473,0.09131522365,736.193919605439,36.8096959802719,0.62,0.124,0.3,0.015,286945.5951,212850.9283,0.6
KER01,DRYBN,6,2011,0,1,257.675,459.08,45.908,107.9456543186,5.39728271593,82.21,142.64,1325.9847,66.299235,1.25,0.0625,258.896376,5.17792752,323.62047,16.1810235,1.747007589,0.08735037945,452.293933636597,22.6146966818299,0.8,0.16,0.3,0.015,286946.5951,212851.9283,0.6
KER01,FRTOM,7,2011,0,1,257.675,377.296,37.7296,107.945672243134,5.3972836121567,82.21,142.64,686.288,34.3144,12.86,0.643,0,0,0,0,0,0,0,0,0.7,0.14,0.3,0.015,286947.5951,212852.9283,0.6
KER01,GRAIN,8,2011,0,1,257.675,200,20,107.945690167524,5.3972845083762,82.21,142.64,551.5520507,27.577602535,1.715,0.08575,19532.77424,390.6554848,33498.7078216,1674.93539108,1.049770341,0.05248851705,20504.9270746008,1025.24635373004,0.42,0.084,0.15,0.0075,286948.5951,212853.9283,0.6
KER01,ONGAR,9,2011,0,1,257.675,643.018,64.3018,107.945708091771,5.39728540458855,82.21,142.64,210.09382,10.504691,19.02,0.951,865.7967141,17.315934282,16467.453502182,329.34907004364,3.129199475,0.625839895,2709.25062321845,135.462531160923,0.5,,0.2,0.01,286949.5951,212854.9283,0.6
KER01,OTHDEC,10,2011,0,1,257.675,698.7795,69.87795,107.945726015874,5.3972863007937,82.21,142.64,2305.321653,115.26608265,2.49,0.1245,1202.369171,24.04738342,2993.89923579,59.8779847158,3.949737533,0.7899475066,4749.0426432208,237.45213216104,0.73,,0.4,0.02,286950.5951,212855.9283,0.6
KER01,OTHFLD,11,2011,0,1,257.675,159,7.95,107.945743939834,5.3972871969917,82.21,142.64,49.46487098,0.9892974196,21.26,1.063,5287.791232,105.75582464,112418.44159232,2248.3688318464,2.878969816,0.1439484908,15223.3913502375,761.169567511875,0.7,,0.3,0.015,286951.5951,212856.9283,0.6
KER01,OTHTRK,12,2011,0,1,257.675,289.8,28.98,107.945761863651,5.39728809318255,82.21,142.64,659.13998,32.956999,16.88,0.844,2358.92699,47.1785398,39818.6875912,1990.93437956,2.15757874,0.107878937,5089.57072283619,254.478536141809,0.4,,0.2,0.01,286952.5951,212857.9283,0.6
KER01,PASTR,13,2011,0,1,257.675,10,1,107.945779787324,5.3972889893662,82.21,142.64,820.598964192,41.0299482096,1.5,0.075,354.63002,7.0926004,531.94503,10.6389006,4.912204724,0.2456102362,1742.01525951621,87.1007629758105,1.5,0.3,0.55,0.0275,286953.5951,212858.9283,0.6
KER01,PRTOM,14,2011,0,1,257.675,561.5253333,56.15253333,107.945797710853,5.39728988554265,82.21,142.64,78.3122,3.91561,50.23,2.5115,1616.05903,32.3211806,81174.6450769,4058.732253845,2.097998688,0.1048999344,3390.48972467055,169.524486233528,0.7,0.14,0.33,0.0165,286954.5951,212859.9283,0.6
KER01,SAFLR,15,2011,0,1,257.675,100,10,107.94581563424,5.397290781712,82.21,142.64,545.271709,27.26358545,1.26,0.063,170,3.4,214.2,4.284,1.858791723,0.09293958615,315.99459291,15.7997296455,1.1,0.22,0.3,0.015,286955.5951,212860.9283,0.6
KER01,SUBTRP,17,2011,0,1,257.675,1131.6,113.16,107.945851480582,5.3972925740291,82.21,142.64,687.208,34.3604,12.37,0.6185,749.1560456,7.491560456,9267.060284072,463.3530142036,3.228379265,0.3228379265,2418.55984386443,120.927992193222,0.8,0.16,0.4,0.02,286957.5951,212862.9283,0.6
KER01,VINE,18,2011,0,1,257.675,957.453,47.87265,107.945869403538,5.3972934701769,82.21,142.64,1746.478,87.3239,9.71,0.4855,5186.921428,103.73842856,50365.00706588,1007.3001413176,3.464599738,0.6929199476,17970.6066204754,898.53033102377,0.75,0.15,0.39,0.0195,286958.5951,212863.9283,0.6
KER01,ALFAL,1,2012,2,0,265.167,100,10,130.708531457506,6.5354265728753,113,146.21,229.5280631,11.476403155,8.05,0.4025,24481.89098,489.6378196,197079.222389,3941.58444778,5.346456693,0.26732283465,130891.369887317,6544.56849436585,0.3,0.06,0.25,0.0125,262692.946,300094.5546,0.6
KER01,ALPIS,2,2012,2,0,265.167,1398.532667,139.8532667,130.708527535856,6.5354263767928,113,146.21,4551.39348,227.569674,1.395,0.06975,63822.62817,1276.4525634,89032.56629715,4451.6283148575,4.375426509,0.21877132545,279251.219169068,13962.5609584534,0.6,0.12,0.55,0.0275,262693.946,300095.5546,0.6
KER01,CORN,3,2012,2,0,265.167,284.8986667,28.48986667,130.708523614235,6.53542618071175,113,146.21,52.36884,2.618442,27.48,1.374,12001.1298,240.022596,329791.046904,16489.5523452,2.487992126,0.1243996063,29858.716445504,1492.9358222752,0.62,0.124,0.25,0.0125,262694.946,300096.5546,0.6
KER01,COTTN,4,2012,2,0,265.167,565.88,56.588,130.708519692642,6.5354259846321,113,146.21,5473.82138,273.691069,0.82,0.041,8023.006721,160.46013442,6578.86551122,131.5773102244,3.740091864,0.1870045932,30006.7821620294,1500.33910810147,1.55,0.31,0.7,0.035,262695.946,300097.5546,0.6
KER01,CUCUR,5,2012,2,0,265.167,623.632,62.3632,130.708515771077,6.53542578855385,113,146.21,460.706312,23.0353156,17.65,0.8825,407.3839897,8.147679794,7190.327418205,359.51637091025,2.127787938,0.1063893969,866.826739417976,43.3413369708988,0.62,0.124,0.3,0.015,262696.946,300098.5546,0.6
KER01,DRYBN,6,2012,2,0,265.167,459.08,45.908,130.708511849539,6.53542559247695,113,146.21,1066.19016,53.309508,1.8,0.09,611.3547196,12.227094392,1100.43849528,55.021924764,1.953132166,0.0976566083,1194.05656768667,59.7028283843335,0.8,0.16,0.3,0.015,262697.946,300099.5546,0.6
KER01,FRTOM,7,2012,2,0,265.167,377.296,37.7296,130.708507928029,6.53542539640145,113,146.21,475.17408,23.758704,15.38,0.769,8,0.16,123.04,6.152,1.832105215,0.09160526075,14.65684172,0.732842086,0.7,0.14,0.3,0.015,262698.946,300100.5546,0.6
KER01,GRAIN,8,2012,2,0,265.167,200,20,130.708504006547,6.53542520032735,113,146.21,470.5443414,23.52721707,2.06,0.103,21450.59093,429.0118186,44188.2173158,2209.41086579,1.555347769,0.07776738845,33363.1287467071,1668.15643733536,0.42,0.084,0.15,0.0075,262699.946,300101.5546,0.6
KER01,ONGAR,9,2012,2,0,265.167,643.018,64.3018,130.708500085093,6.53542500425465,113,146.21,223.33512,11.166756,20.34,1.017,1033.51879,20.6703758,21021.7721886,420.435443772,3.746784777,0.7493569554,3872.37246911546,193.618623455773,0.5,,0.2,0.01,262700.946,300102.5546,0.6
KER01,OTHDEC,10,2012,2,0,265.167,698.7795,69.87795,130.708496163667,6.53542480818335,113,146.21,1320.96,66.048,7.03,0.3515,1577.369171,31.54738342,11088.90527213,221.7781054426,4.393372703,0.8786745406,6929.97065842514,346.498532921257,0.73,,0.4,0.02,262701.946,300103.5546,0.6
KER01,OTHFLD,11,2012,2,0,265.167,159,7.95,130.708492242269,6.53542461211345,113,146.21,51.36182653,1.0272365306,20.28,1.014,3927.78066,78.5556132,79655.3917848,1593.107835696,3.172867454,0.1586433727,12462.3274225646,623.11637112823,0.7,,0.3,0.015,262702.946,300104.5546,0.6
KER01,OTHTRK,12,2012,2,0,265.167,289.8,28.98,130.708488320899,6.53542441604495,113,146.21,680.98584,34.049292,16.77,0.8385,2833.985452,56.67970904,47525.93603004,2376.296801502,2.646850394,0.1323425197,7501.13551021647,375.056775510824,0.4,,0.2,0.01,262703.946,300105.5546,0.6
KER01,PASTR,13,2012,2,0,265.167,10,1,130.708484399556,6.5354242199778,113,146.21,836.226682592,41.8113341296,1.5,0.075,336.9580761,6.739161522,505.43711415,10.108742283,5.921850394,0.2960925197,1995.41531571427,99.7707657857135,1.5,0.3,0.55,0.0275,262704.946,300106.5546,0.6
KER01,PRTOM,14,2012,2,0,265.167,561.5253333,56.15253333,130.708480478242,6.5354240239121,113,146.21,77.4,3.87,55.92,2.796,807.1572189,16.143144378,45136.231680888,2256.8115840444,2.326935696,0.1163467848,1878.2029449425,93.910147247125,0.7,0.14,0.33,0.0165,262705.946,300107.5546,0.6
KER01,SAFLR,15,2012,2,0,265.167,100,10,130.708476556955,6.53542382784775,113,146.21,545.271709,27.26358545,1.26,0.063,0,0,0,0,0,0,0,0,1.1,0.22,0.3,0.015,262706.946,300108.5546,0.6
KER01,SUBTRP,17,2012,2,0,265.167,1131.6,113.16,130.708468714465,6.53542343572325,113,146.21,736.332,36.8166,13.62,0.681,749.1560456,7.491560456,10203.505341072,510.1752670536,3.590288714,0.3590288714,2689.68649554255,134.484324777128,0.8,0.16,0.4,0.02,262708.946,300110.5546,0.6
KER01,VINE,18,2012,2,0,265.167,957.453,47.87265,130.708464793262,6.5354232396631,113,146.21,1921.584,96.0792,11.78,0.589,5153.384413,103.06768826,60706.86838514,1214.1373677028,3.8832021,0.77664042,20011.6331746689,1000.58165873345,0.75,0.15,0.39,0.0195,262709.946,300111.5546,0.6
KER01,ALFAL,1,2013,2,2,279.618,100,10,142.816097864329,7.14080489321645,113,153.08,211.51566,10.575783,9.03,0.4515,22277.33525,445.546705,201164.3373075,4023.28674615,5.799934383,0.28999671915,129207.082678093,6460.35413390465,0.3,0.06,0.25,0.0125,156846.2493,455630.1353,0.6
KER01,ALPIS,2,2013,2,2,279.618,1398.532667,139.8532667,142.81606594125,7.1408032970625,113,153.08,4908.423375,245.42116875,1.185,0.05925,67374.69531,1347.4939062,79839.01394235,3991.9506971175,4.930380577,0.24651902885,332182.889137717,16609.1444568859,0.6,0.12,0.55,0.0275,156847.2493,455631.1353,0.375
KER01,CORN,3,2013,2,2,279.618,284.8986667,28.48986667,142.81603401838,7.140801700919,113,153.08,54.14266329,2.7071331645,26.835,1.34175,10724.82738,214.4965476,287800.7427423,14390.037137115,2.433103675,0.12165518375,26094.6169120186,1304.73084560093,0.62,0.124,0.25,0.0125,156848.2493,455632.1353,0.375
KER01,COTTN,4,2013,2,2,279.618,565.88,56.588,142.816002095718,7.1408001047859,113,153.08,5743.945419,287.19727095,0.8,0.04,5619.926154,112.39852308,4495.9409232,89.918818464,3.772834646,0.1886417323,21203.0521017727,1060.15260508864,1.55,0.31,0.7,0.035,156849.2493,455633.1353,0.375
KER01,CUCUR,5,2013,2,2,279.618,623.632,62.3632,142.815970173265,7.14079850866325,113,153.08,386.77527,19.3387635,29.14,1.457,628.7594605,12.57518921,18322.05067897,916.1025339485,2.422690724,0.1211345362,1523.28971258059,76.1644856290295,0.62,0.124,0.3,0.015,156850.2493,455634.1353,0.375
KER01,DRYBN,6,2013,2,2,279.618,459.08,45.908,142.81593825102,7.140796912551,113,153.08,1018.3221,50.916105,1.71,0.0855,618.7022126,12.374044252,1057.980783546,52.8990391773,1.940278459,0.09701392295,1200.45457564342,60.022728782171,0.8,0.16,0.3,0.015,156851.2493,455635.1353,0.375
KER01,FRTOM,7,2013,2,2,279.618,377.296,37.7296,142.815906328983,7.14079531644915,113,153.08,736.13511,36.8067555,15.05,0.7525,8,0.16,120.4,6.02,1.912777899,0.09563889495,15.302223192,0.7651111596,0.7,0.14,0.3,0.015,156852.2493,455636.1353,0.375
KER01,GRAIN,8,2013,2,2,279.618,200,20,142.815874407156,7.1407937203578,113,153.08,407.0699109,20.353495545,2.355,0.11775,20863.96355,417.279271,49134.63416025,2456.7317080125,1.909580052,0.0954790026,39841.4086007351,1992.07043003676,0.42,0.084,0.15,0.0075,156853.2493,455637.1353,0.375
KER01,ONGAR,9,2013,2,2,279.618,643.018,64.3018,142.815842485536,7.1407921242768,113,153.08,230.66577,11.5332885,20.23,1.0115,1019.078029,20.38156058,20615.94852667,412.3189705334,3.908858268,0.7817716536,3983.43157939379,199.17157896969,0.5,,0.2,0.01,156854.2493,455638.1353,0.375
KER01,OTHDEC,10,2013,2,2,279.618,698.7795,69.87795,142.815810564125,7.14079052820625,113,153.08,1139.04,56.952,7.03,0.3515,1622.456605,32.4491321,11405.86993315,228.117398663,4.463024934,0.8926049868,7241.06428244799,362.0532141224,0.73,,0.4,0.02,156855.2493,455639.1353,0.375
KER01,OTHFLD,11,2013,2,2,279.618,159,7.95,142.815778642923,7.14078893214615,113,153.08,57.72248686,1.1544497372,17.11,0.8555,2983.772504,59.67545008,51052.34754344,1021.0469508688,3.247637795,0.16238188975,9690.21235567219,484.51061778361,0.7,,0.3,0.015,156856.2493,455640.1353,0.375
KER01,OTHTRK,12,2013,2,2,279.618,289.8,28.98,142.815746721929,7.14078733609645,113,153.08,671.08779,33.5543895,16.77,0.8385,3179.154344,63.58308688,53314.41834888,2665.720917444,2.658169291,0.13290846455,8450.73044857005,422.536522428503,0.4,,0.2,0.01,156857.2493,455641.1353,0.375
KER01,PASTR,13,2013,2,2,279.618,10,1,142.815714801143,7.14078574005715,113,153.08,753.977712656,37.6988856328,1.5,0.075,591.036576,11.82073152,886.554864,17.73109728,6.241666667,0.31208333335,3689.05329539701,184.452664769851,1.5,0.3,0.55,0.0275,156858.2493,455642.1353,0.375
KER01,PRTOM,14,2013,2,2,279.618,561.5253333,56.15253333,142.815682880566,7.1407841440283,113,153.08,74.43423,3.7217115,46.5,2.325,1015.850941,20.31701882,47237.0687565,2361.853437825,2.502066929,0.12510334645,2541.72704426963,127.086352213482,0.7,0.14,0.33,0.0165,156859.2493,455643.1353,0.375
KER01,SAFLR,15,2013,2,2,279.618,100,10,142.815650960197,7.14078254800985,113,153.08,545.271709,27.26358545,1.26,0.063,0,0,0,0,0,0,0,0,1.1,0.22,0.3,0.015,156860.2493,455644.1353,0.375
KER01,SUBTRP,17,2013,2,2,279.618,1131.6,113.16,142.815587120085,7.14077935600425,113,153.08,744.3297333,37.216486665,11.18,0.559,749.1560456,7.491560456,8375.564589808,418.7782294904,3.952821522,0.3952821522,2961.28014038409,148.064007019205,0.8,0.16,0.4,0.02,156862.2493,455646.1353,0.375
KER01,VINE,18,2013,2,2,279.618,957.453,47.87265,142.815555200342,7.1407777600171,113,153.08,1841.787,92.08935,13.62,0.681,5820.28229,116.4056458,79272.2447898,1585.444895796,3.891699475,0.778339895,22650.7895323448,1132.53947661724,0.75,0.15,0.39,0.0195,156863.2493,455647.1353,0.375
KER01,ALFAL,1,2014,2,2,292.877,100,10,156.105553335056,7.8052776667528,113,159.39,247.50726,12.375363,8.46,0.423,21625.03392,432.5006784,182947.7869632,3658.955739264,5.886450131,0.29432250655,127294.683751263,6364.73418756315,0.3,0.06,0.25,0.0125,45266.08354,594078.631,0.384615384615385
KER01,ALPIS,2,2014,2,2,292.877,1398.532667,139.8532667,156.105491051,7.80527455255,113,159.39,6078.20213,303.9101065,0.895,0.04475,70213.36457,1404.2672914,62840.96129015,3142.0480645075,5.04488189,0.2522440945,354218.131355161,17710.9065677581,0.6,0.12,0.55,0.0275,45267.08354,594079.631,0.384615384615385
KER01,CORN,3,2014,2,2,292.877,284.8986667,28.48986667,156.105428767333,7.80527143836665,113,159.39,64.37431,3.2187155,25.41,1.2705,9351.018094,187.02036188,237609.36976854,11880.468488427,2.549278215,0.12746391075,23838.346715105,1191.91733575525,0.62,0.124,0.25,0.0125,45268.08354,594080.631,0.384615384615385
KER01,COTTN,4,2014,2,2,292.877,565.88,56.588,156.105366484056,7.8052683242028,113,159.39,5361.111581,268.05557905,0.88,0.044,5485.323433,109.70646866,4827.08462104,96.5416924208,3.866961942,0.1933480971,21211.5369549718,1060.57684774859,1.55,0.31,0.7,0.035,45269.08354,594081.631,0.384615384615385
KER01,CUCUR,5,2014,2,2,292.877,623.632,62.3632,156.105304201169,7.80526521005845,113,159.39,292.25196,14.612598,28.53,1.4265,294.2474703,5.884949406,8394.880327659,419.74401638295,2.492091939,0.12460459695,733.291748805772,36.6645874402886,0.62,0.124,0.3,0.015,45270.08354,594082.631,0.384615384615385
KER01,DRYBN,6,2014,2,2,292.877,459.08,45.908,156.105241918672,7.8052620959336,113,159.39,1198.53734,59.926867,1.83,0.0915,485.8061951,9.716123902,889.025337033,44.45126685165,1.974078099,0.09870390495,959.019370105431,47.9509685052716,0.8,0.16,0.3,0.015,45271.08354,594083.631,0.384615384615385
KER01,FRTOM,7,2014,2,2,292.877,255.258,25.5258,156.105179636564,7.8052589818282,113,159.39,545.271709,27.26358545,1.26,0.063,0,0,0,0,0,0,0,0,0.7,0.14,0.3,0.015,45272.08354,594084.631,0.384615384615385
KER01,GRAIN,8,2014,2,2,292.877,200,20,156.105117354846,7.8052558677423,113,159.39,360.7541875,18.037709375,2.56,0.128,24418.92896,488.3785792,62512.4581376,3125.62290688,1.686318898,0.0843159449,41178.1013741675,2058.90506870838,0.42,0.084,0.15,0.0075,45273.08354,594085.631,0.384615384615385
KER01,ONGAR,9,2014,2,2,292.877,643.018,64.3018,156.105055073517,7.80525275367585,113,159.39,256.00575,12.8002875,21.35,1.0675,1005.043353,20.10086706,21457.67558655,429.153511731,3.909055118,0.7818110236,3928.76986285653,196.438493142827,0.5,,0.2,0.01,45274.08354,594086.631,0.384615384615385
KER01,OTHDEC,10,2014,2,2,292.877,698.7795,69.87795,156.104992792578,7.8052496396289,113,159.39,987.987,49.39935,7.03,0.3515,896.1802184,17.923604368,6300.146935352,126.00293870704,4.655675853,0.9311351706,4172.32460274115,208.616230137057,0.73,,0.4,0.02,45275.08354,594087.631,0.384615384615385
KER01,OTHFLD,11,2014,2,2,292.877,159,7.95,156.104930512029,7.80524652560145,113,159.39,49.88984,0.9977968,19.2,0.96,5227.451312,104.54902624,100367.0651904,2007.341303808,3.278904199,0.16394520995,17140.3120569849,857.015602849245,0.7,,0.3,0.015,45276.08354,594088.631,0.384615384615385
KER01,OTHTRK,12,2014,2,2,292.877,289.8,28.98,156.104868231869,7.80524341159345,113,159.39,606.8062,30.34031,15.23666667,0.7618333335,2966.422295,59.3284459,45198.3877113714,2259.91938556857,3.011023622,0.1505511811,8931.96760307245,446.598380153622,0.4,,0.2,0.01,45277.08354,594089.631,0.384615384615385
KER01,PASTR,13,2014,2,2,292.877,10,1,156.104805952099,7.80524029760495,113,159.39,677.927131168,33.8963565584,1.5,0.075,953.3191651,19.066383302,1429.97874765,28.599574953,6.354855643,0.31774278215,6058.20567591578,302.910283795789,1.5,0.3,0.55,0.0275,45278.08354,594090.631,0.384615384615385
KER01,PRTOM,14,2014,2,2,292.877,561.5253333,56.15253333,156.104743672719,7.80523718363595,113,159.39,89.59951,4.4799755,52.86,2.643,1193.529305,23.8705861,63089.9590623,3154.497953115,2.542322835,0.12711614175,3034.33680634318,151.716840317159,0.7,0.14,0.33,0.0165,45279.08354,594091.631,0.384615384615385
KER01,SAFLR,15,2014,2,2,292.877,100,10,156.104681393728,7.8052340696864,113,159.39,623.9179035,31.195895175,1,0.05,20.29530847,0.4059061694,20.29530847,0.4059061694,2.323798201,0.11618991005,47.1622013113261,2.35811006556631,1.1,0.22,0.3,0.015,45280.08354,594092.631,0.384615384615385
KER01,SUBTRP,17,2014,2,2,292.877,1131.6,113.16,156.104556836916,7.8052278418458,113,159.39,943.11217,47.1556085,10.25,0.5125,515.4897913,5.154897913,5283.770360825,264.18851804125,4.092946194,0.4092946194,2109.87197934719,105.49359896736,0.8,0.16,0.4,0.02,45282.08354,594094.631,0.384615384615385
KER01,VINE,18,2014,2,2,292.877,957.453,47.87265,156.104494559094,7.8052247279547,113,159.39,1902.901,95.14505,12.84,0.642,5789.073012,115.78146024,74331.69747408,1486.6339494816,4.230150919,0.8460301838,24488.6525218699,1224.4326260935,0.75,0.15,0.39,0.0195,45283.08354,594095.631,0.384615384615385
KER01,ALFAL,1,2015,2,2,300.697,100,10,159.496281815085,7.97481409075425,113,163.11,238.1566285,11.907831425,7.16,0.358,19918.56385,398.371277,142616.917166,2852.33834332,5.637139108,0.2818569554,112283.71525403,5614.1857627015,0.3,0.06,0.25,0.0125,44723.22347,575436.0179,0.384615384615385
KER01,ALPIS,2,2015,2,2,300.697,1398.532667,139.8532667,159.496212667643,7.97481063338215,113,163.11,6809.245,340.46225,0.65,0.0325,75073.38496,1501.4676992,48797.700224,2439.8850112,4.817125984,0.2408562992,361637.953397651,18081.8976698826,0.6,0.12,0.55,0.0275,44723.22347,575436.0179,0.384615384615385
KER01,CORN,3,2015,2,2,300.697,284.8986667,28.48986667,159.496143520647,7.97480717603235,113,163.11,54.31,2.7155,28.375,1.41875,10560.44389,211.2088778,299652.59537875,14982.6297689375,2.543503937,0.12717519685,26860.5306106826,1343.02653053413,0.62,0.124,0.25,0.0125,44723.22347,575436.0179,0.384615384615385
KER01,COTTN,4,2015,2,2,300.697,565.88,56.588,159.496074374096,7.9748037187048,113,163.11,6078.845879,303.94229395,0.805,0.04025,3391.113096,67.82226192,2729.84604228,54.5969208456,3.574901575,0.17874507875,12122.8955478935,606.144777394675,1.55,0.31,0.7,0.035,44723.22347,575436.0179,0.384615384615385
KER01,CUCUR,5,2015,2,2,300.697,623.632,62.3632,159.496005227992,7.9748002613996,113,163.11,315.37,15.7685,39.18,1.959,236.3447034,4.726894068,9259.985479212,462.9992739606,2.298233954,0.1149116977,543.175422201939,27.1587711100969,0.62,0.124,0.3,0.015,44723.22347,575436.0179,0.384615384615385
KER01,DRYBN,6,2015,2,2,300.697,459.08,45.908,159.495936082334,7.9747968041167,113,163.11,994.35,49.7175,1.49,0.0745,487.5208071,9.750416142,726.406002579,36.32030012895,1.836382921,0.09181914605,895.274883790576,44.7637441895288,0.8,0.16,0.3,0.015,44723.22347,575436.0179,0.384615384615385
KER01,FRTOM,7,2015,2,2,300.697,377.296,37.7296,159.495866937122,7.9747933468561,113,163.11,686.288,34.3144,12.86,0.643,0,0,0,0,0,0,0,0,0.7,0.14,0.3,0.015,44723.22347,575436.0179,0.384615384615385
KER01,GRAIN,8,2015,2,2,300.697,200,20,159.495797792355,7.97478988961775,113,163.11,397.763921,19.88819605,2.34,0.117,26092.95548,521.8591096,61057.5158232,3052.87579116,1.714041995,0.08570209975,44724.4214663854,2236.22107331927,0.42,0.084,0.15,0.0075,44723.22347,575436.0179,0.384615384615385
KER01,ONGAR,9,2015,2,2,300.697,643.018,64.3018,159.495728648035,7.97478643240175,113,163.11,302.03,15.1015,22.81,1.1405,433.2118129,8.664236258,9881.561452249,197.63122904498,3.712171916,0.7424343832,1608.15672552683,80.4078362763415,0.5,,0.2,0.01,44723.22347,575436.0179,0.384615384615385
KER01,OTHDEC,10,2015,2,2,300.697,698.7795,69.87795,159.49565950416,7.974782975208,113,163.11,1100,55,7.51,0.3755,827.9632071,16.559264142,6218.003685321,124.36007370642,4.45,0.89,3684.436271595,184.22181357975,0.73,,0.4,0.02,44723.22347,575436.0179,0.384615384615385
KER01,OTHFLD,11,2015,2,2,300.697,159,7.95,159.495590360732,7.9747795180366,113,163.11,55.56103686,1.1112207372,17.1,0.855,5744.253646,114.88507292,98226.7373466,1964.534746932,3.167585302,0.1583792651,18195.4134200295,909.770671001475,0.7,,0.3,0.015,44723.22347,575436.0179,0.384615384615385
KER01,OTHTRK,12,2015,2,2,300.697,289.8,28.98,159.495521217749,7.97477606088745,113,163.11,450,22.5,19.56,0.978,2205.211244,44.10422488,43133.93193264,2156.696596632,2.467552493,0.12337762465,5441.47450272383,272.073725136191,0.4,,0.2,0.01,44723.22347,575436.0179,0.384615384615385
KER01,PASTR,13,2015,2,2,300.697,10,1,159.495452075213,7.97477260376065,113,163.11,683.619212304,34.1809606152,1.5,0.075,866.8517608,17.337035216,1300.2776412,26.005552824,5.924770341,0.29623851705,5135.89760243147,256.794880121573,1.5,0.3,0.55,0.0275,44723.22347,575436.0179,0.384615384615385
KER01,PRTOM,14,2015,2,2,300.697,561.5253333,56.15253333,159.495382933122,7.9747691466561,113,163.11,79.96,3.998,45.72,2.286,1225.424807,24.50849614,56026.42217604,2801.321108802,2.152935431,0.10764677155,2638.26048501664,131.913024250832,0.7,0.14,0.33,0.0165,44723.22347,575436.0179,0.384615384615385
KER01,SAFLR,15,2015,2,2,300.697,100,10,159.495313791478,7.9747656895739,113,163.11,545.271709,27.26358545,1.26,0.063,0,0,0,0,0,0,0,0,1.1,0.22,0.3,0.015,44723.22347,575436.0179,0.384615384615385
KER01,SUBTRP,17,2015,2,2,300.697,1131.6,113.16,159.495175509526,7.9747587754763,113,163.11,775.35,38.7675,12.61,0.6305,300.1375876,3.001375876,3784.734979636,189.2367489818,3.617060367,0.3617060367,1085.61577275495,54.2807886377475,0.8,0.16,0.4,0.02,44723.22347,575436.0179,0.384615384615385
KER01,VINE,18,2015,2,2,300.697,957.453,47.87265,159.495106369219,7.97475531846095,113,163.11,2048,102.4,11.57,0.5785,5741.863671,114.83727342,66433.36267347,1328.6672534694,4.058267717,0.8116535434,23302.0199714344,1165.10099857172,0.75,0.15,0.39,0.0195,44723.22347,575436.0179,0.384615384615385
