,Year,Semi,Model
65,2016,212.92827213553,MIROC5 4.5
66,2017,59.6254282864225,MIROC5 4.5
67,2018,97.8794415865591,MIROC5 4.5
68,2019,108.987160260371,MIROC5 4.5
69,2020,307.116065895556,MIROC5 4.5
70,2021,171.706283650347,MIROC5 4.5
71,2022,152.975660472723,MIROC5 4.5
72,2023,8.45559544904383,MIROC5 4.5
73,2024,49.5477092821514,MIROC5 4.5
74,2025,68.4245608802642,MIROC5 4.5
75,2026,115.497780605151,MIROC5 4.5
76,2027,309.536965541187,MIROC5 4.5
77,2028,139.790120173454,MIROC5 4.5
78,2029,49.4488530784589,MIROC5 4.5
79,2030,77.8473687893695,MIROC5 4.5
80,2031,101.994648845324,MIROC5 4.5
81,2032,221.272606835472,MIROC5 4.5
82,2033,273.321865084495,MIROC5 4.5
83,2034,169.146516145689,MIROC5 4.5
84,2035,27.3124272462849,MIROC5 4.5
85,2036,103.005818253044,MIROC5 4.5
86,2037,153.276222803931,MIROC5 4.5
87,2038,196.212381611314,MIROC5 4.5
88,2039,88.9611509393012,MIROC5 4.5
89,2040,63.701273427523,MIROC5 4.5
90,2041,30.9427046575918,MIROC5 4.5
91,2042,26.783789042,MIROC5 4.5
92,2043,253.916883402373,MIROC5 4.5
93,2044,192.777209268648,MIROC5 4.5
94,2045,60.8549372704001,MIROC5 4.5
95,2046,31.2313108286306,MIROC5 4.5
96,2047,91.262013235571,MIROC5 4.5
97,2048,213.911585611,MIROC5 4.5
98,2049,171.611035206507,MIROC5 4.5
99,2050,42.9895871073033,MIROC5 4.5
100,2051,87.2616678277023,MIROC5 4.5
101,2052,29.8560030755537,MIROC5 4.5
102,2053,24.6197071583346,MIROC5 4.5
103,2054,168.716130189907,MIROC5 4.5
104,2055,159.613782633914,MIROC5 4.5
105,2056,40.7194842889647,MIROC5 4.5
106,2057,50.6677113612789,MIROC5 4.5
107,2058,29.096304975293,MIROC5 4.5
108,2059,112.789016743745,MIROC5 4.5
109,2060,61.8237844294351,MIROC5 4.5
110,2061,69.5415870959709,MIROC5 4.5
111,2062,64.7925898005238,MIROC5 4.5
112,2063,40.0759941356875,MIROC5 4.5
113,2064,81.9177063343602,MIROC5 4.5
114,2065,74.8755364477652,MIROC5 4.5
115,2066,199.530664982472,MIROC5 4.5
116,2067,56.5307891637372,MIROC5 4.5
117,2068,146.054127502931,MIROC5 4.5
118,2069,149.853962047094,MIROC5 4.5
119,2070,116.461757191147,MIROC5 4.5
120,2071,280.668316071982,MIROC5 4.5
121,2072,139.76639319054,MIROC5 4.5
122,2073,156.243026511692,MIROC5 4.5
123,2074,189.403336628256,MIROC5 4.5
124,2075,117.92167899489,MIROC5 4.5
125,2076,30.8268014548702,MIROC5 4.5
126,2077,28.2276798544694,MIROC5 4.5
127,2078,65.2308087067162,MIROC5 4.5
128,2079,28.1842581114173,MIROC5 4.5
129,2080,93.9486416511749,MIROC5 4.5
130,2081,29.2591063756054,MIROC5 4.5
131,2082,46.9755051539135,MIROC5 4.5
132,2083,25.2622524679862,MIROC5 4.5
133,2084,89.7451370582332,MIROC5 4.5
134,2085,139.755336265389,MIROC5 4.5
135,2086,30.666903444937,MIROC5 4.5
136,2087,59.6545385031892,MIROC5 4.5
137,2088,45.2799840134437,MIROC5 4.5
138,2089,121.583965107292,MIROC5 4.5
139,2090,29.8704079505206,MIROC5 4.5
140,2091,78.2659851338818,MIROC5 4.5
141,2092,82.3355014165559,MIROC5 4.5
142,2093,36.8546577894391,MIROC5 4.5
143,2094,42.9148163485665,MIROC5 4.5
144,2095,18.2127432143831,MIROC5 4.5
145,2096,45.0938410388373,MIROC5 4.5
146,2097,108.111285702551,MIROC5 4.5
147,2098,123.264999762367,MIROC5 4.5
148,2099,182.077889570376,MIROC5 4.5
214,2016,28.0237053571855,MIROC5 8.5
215,2017,16.6954230059711,MIROC5 8.5
216,2018,107.002346334949,MIROC5 8.5
217,2019,29.5535084356097,MIROC5 8.5
218,2020,37.9953460572812,MIROC5 8.5
219,2021,86.5640562376755,MIROC5 8.5
220,2022,134.543984629662,MIROC5 8.5
221,2023,45.5467630317458,MIROC5 8.5
222,2024,212.790017825336,MIROC5 8.5
223,2025,85.3617652985383,MIROC5 8.5
224,2026,91.6946995564507,MIROC5 8.5
225,2027,168.009774864081,MIROC5 8.5
226,2028,105.869239894855,MIROC5 8.5
227,2029,195.271592277815,MIROC5 8.5
228,2030,163.574857480706,MIROC5 8.5
229,2031,112.179855897284,MIROC5 8.5
230,2032,99.1671152876288,MIROC5 8.5
231,2033,276.461685274481,MIROC5 8.5
232,2034,197.066211370885,MIROC5 8.5
233,2035,101.527282371421,MIROC5 8.5
234,2036,55.7357209743143,MIROC5 8.5
235,2037,88.7665919016738,MIROC5 8.5
236,2038,26.7038702327165,MIROC5 8.5
237,2039,73.4221798376678,MIROC5 8.5
238,2040,142.311067857917,MIROC5 8.5
239,2041,72.608778517661,MIROC5 8.5
240,2042,110.228745866668,MIROC5 8.5
241,2043,129.347556475199,MIROC5 8.5
242,2044,23.0276361641446,MIROC5 8.5
243,2045,69.5497265331013,MIROC5 8.5
244,2046,78.9540922670821,MIROC5 8.5
245,2047,85.7363957124766,MIROC5 8.5
246,2048,251.378070904555,MIROC5 8.5
247,2049,83.6554197710087,MIROC5 8.5
248,2050,29.9302202869406,MIROC5 8.5
249,2051,27.9575941295596,MIROC5 8.5
250,2052,26.108139238831,MIROC5 8.5
251,2053,34.4863688644541,MIROC5 8.5
252,2054,85.6652194206309,MIROC5 8.5
253,2055,47.7662230112653,MIROC5 8.5
254,2056,34.8760387106464,MIROC5 8.5
255,2057,12.4554222297836,MIROC5 8.5
256,2058,53.8133571866234,MIROC5 8.5
257,2059,89.5721457002243,MIROC5 8.5
258,2060,189.143119684754,MIROC5 8.5
259,2061,141.351391879283,MIROC5 8.5
260,2062,31.0040739841951,MIROC5 8.5
261,2063,28.136547802178,MIROC5 8.5
262,2064,82.9237377383582,MIROC5 8.5
263,2065,42.4853984779115,MIROC5 8.5
264,2066,166.314907869316,MIROC5 8.5
265,2067,108.118230232415,MIROC5 8.5
266,2068,93.0615032571021,MIROC5 8.5
267,2069,39.4821814719169,MIROC5 8.5
268,2070,69.20004028228,MIROC5 8.5
269,2071,274.351694540052,MIROC5 8.5
270,2072,159.37192396858,MIROC5 8.5
271,2073,24.9299551731862,MIROC5 8.5
272,2074,92.9639901354755,MIROC5 8.5
273,2075,10.2306742196626,MIROC5 8.5
274,2076,243.202621884544,MIROC5 8.5
275,2077,183.378696071732,MIROC5 8.5
276,2078,57.0932788372133,MIROC5 8.5
277,2079,72.3088477984414,MIROC5 8.5
278,2080,199.992076143476,MIROC5 8.5
279,2081,78.1189635500543,MIROC5 8.5
280,2082,61.3103735867754,MIROC5 8.5
281,2083,140.285401505902,MIROC5 8.5
282,2084,102.326101537884,MIROC5 8.5
283,2085,29.9984561148599,MIROC5 8.5
284,2086,59.6605296770107,MIROC5 8.5
285,2087,5.86941965807615,MIROC5 8.5
286,2088,81.4290782299971,MIROC5 8.5
287,2089,64.8685034410952,MIROC5 8.5
288,2090,38.5779260799361,MIROC5 8.5
289,2091,133.051500725371,MIROC5 8.5
290,2092,125.336879757644,MIROC5 8.5
291,2093,33.1687706062676,MIROC5 8.5
292,2094,30.99937340926,MIROC5 8.5
293,2095,50.7508254541205,MIROC5 8.5
294,2096,27.0964037069679,MIROC5 8.5
295,2097,182.026273310673,MIROC5 8.5
296,2098,63.7571524012764,MIROC5 8.5
297,2099,152.160607013148,MIROC5 8.5
363,2016,127.748343607571,HadGEM2-CC 4.5
364,2017,23.9078253190827,HadGEM2-CC 4.5
365,2018,13.3492435928414,HadGEM2-CC 4.5
366,2019,90.3259372590722,HadGEM2-CC 4.5
367,2020,56.5199068193278,HadGEM2-CC 4.5
368,2021,254.004847328366,HadGEM2-CC 4.5
369,2022,150.622983714444,HadGEM2-CC 4.5
370,2023,29.5066216131004,HadGEM2-CC 4.5
371,2024,36.2535144970987,HadGEM2-CC 4.5
372,2025,190.65004399463,HadGEM2-CC 4.5
373,2026,99.3891409202919,HadGEM2-CC 4.5
374,2027,39.8073097901127,HadGEM2-CC 4.5
375,2028,100.72978972973,HadGEM2-CC 4.5
376,2029,315.041740223569,HadGEM2-CC 4.5
377,2030,270.160180458571,HadGEM2-CC 4.5
378,2031,118.325985345647,HadGEM2-CC 4.5
379,2032,46.1125940946919,HadGEM2-CC 4.5
380,2033,96.3392613510629,HadGEM2-CC 4.5
381,2034,163.163074337926,HadGEM2-CC 4.5
382,2035,227.67093241714,HadGEM2-CC 4.5
383,2036,99.0128425978335,HadGEM2-CC 4.5
384,2037,129.931564206893,HadGEM2-CC 4.5
385,2038,237.40560151048,HadGEM2-CC 4.5
386,2039,210.025760028873,HadGEM2-CC 4.5
387,2040,147.97910073061,HadGEM2-CC 4.5
388,2041,125.738516801051,HadGEM2-CC 4.5
389,2042,238.065289529266,HadGEM2-CC 4.5
390,2043,152.974301850934,HadGEM2-CC 4.5
391,2044,144.801881628949,HadGEM2-CC 4.5
392,2045,56.3573816106171,HadGEM2-CC 4.5
393,2046,11.5613533992263,HadGEM2-CC 4.5
394,2047,68.807870183871,HadGEM2-CC 4.5
395,2048,97.1739032158673,HadGEM2-CC 4.5
396,2049,59.0091778492221,HadGEM2-CC 4.5
397,2050,49.9919466280053,HadGEM2-CC 4.5
398,2051,63.7515995437299,HadGEM2-CC 4.5
399,2052,148.399961129015,HadGEM2-CC 4.5
400,2053,205.062791601499,HadGEM2-CC 4.5
401,2054,132.56459002487,HadGEM2-CC 4.5
402,2055,58.8899484226237,HadGEM2-CC 4.5
403,2056,160.430471331889,HadGEM2-CC 4.5
404,2057,186.34838158558,HadGEM2-CC 4.5
405,2058,200.147221379816,HadGEM2-CC 4.5
406,2059,172.54582604203,HadGEM2-CC 4.5
407,2060,28.5861831322648,HadGEM2-CC 4.5
408,2061,88.0810805686381,HadGEM2-CC 4.5
409,2062,145.680377607916,HadGEM2-CC 4.5
410,2063,62.9765728982217,HadGEM2-CC 4.5
411,2064,57.9728091912374,HadGEM2-CC 4.5
412,2065,140.985360849343,HadGEM2-CC 4.5
413,2066,183.735414208263,HadGEM2-CC 4.5
414,2067,162.199957119513,HadGEM2-CC 4.5
415,2068,140.99815647176,HadGEM2-CC 4.5
416,2069,81.4761118581146,HadGEM2-CC 4.5
417,2070,352.116115171749,HadGEM2-CC 4.5
418,2071,228.990410851293,HadGEM2-CC 4.5
419,2072,47.2486812207654,HadGEM2-CC 4.5
420,2073,99.7272519743936,HadGEM2-CC 4.5
421,2074,116.31344823512,HadGEM2-CC 4.5
422,2075,61.1870448353995,HadGEM2-CC 4.5
423,2076,140.194838467885,HadGEM2-CC 4.5
424,2077,239.02068840793,HadGEM2-CC 4.5
425,2078,173.28449655889,HadGEM2-CC 4.5
426,2079,172.712303533222,HadGEM2-CC 4.5
427,2080,114.368625770899,HadGEM2-CC 4.5
428,2081,28.3876109388222,HadGEM2-CC 4.5
429,2082,44.7910202173074,HadGEM2-CC 4.5
430,2083,86.5681279849532,HadGEM2-CC 4.5
431,2084,44.3143952350609,HadGEM2-CC 4.5
432,2085,96.3986984284549,HadGEM2-CC 4.5
433,2086,55.4429022371427,HadGEM2-CC 4.5
434,2087,101.86754461002,HadGEM2-CC 4.5
435,2088,169.04949351588,HadGEM2-CC 4.5
436,2089,37.1199546681509,HadGEM2-CC 4.5
437,2090,101.951501690686,HadGEM2-CC 4.5
438,2091,54.0588994108948,HadGEM2-CC 4.5
439,2092,54.8121227734552,HadGEM2-CC 4.5
440,2093,63.8261910554556,HadGEM2-CC 4.5
441,2094,50.8303827514903,HadGEM2-CC 4.5
442,2095,29.8854476374867,HadGEM2-CC 4.5
443,2096,32.6982087728646,HadGEM2-CC 4.5
444,2097,24.7130538158653,HadGEM2-CC 4.5
445,2098,193.579860638164,HadGEM2-CC 4.5
446,2099,84.1862030073388,HadGEM2-CC 4.5
512,2016,139.085977774201,HadGEM2-CC 8.5
513,2017,35.7798593271577,HadGEM2-CC 8.5
514,2018,66.1304185974221,HadGEM2-CC 8.5
515,2019,124.230762623078,HadGEM2-CC 8.5
516,2020,56.2560871805635,HadGEM2-CC 8.5
517,2021,60.098815661364,HadGEM2-CC 8.5
518,2022,53.0916790095411,HadGEM2-CC 8.5
519,2023,274.599635866427,HadGEM2-CC 8.5
520,2024,180.569377830643,HadGEM2-CC 8.5
521,2025,183.135961804935,HadGEM2-CC 8.5
522,2026,179.797151403464,HadGEM2-CC 8.5
523,2027,214.503118712657,HadGEM2-CC 8.5
524,2028,101.27810430271,HadGEM2-CC 8.5
525,2029,139.303911879424,HadGEM2-CC 8.5
526,2030,126.22428388299,HadGEM2-CC 8.5
527,2031,161.892811498395,HadGEM2-CC 8.5
528,2032,329.84802966048,HadGEM2-CC 8.5
529,2033,266.362139558062,HadGEM2-CC 8.5
530,2034,127.264516397423,HadGEM2-CC 8.5
531,2035,34.869564538059,HadGEM2-CC 8.5
532,2036,92.9734210305902,HadGEM2-CC 8.5
533,2037,96.6074039328342,HadGEM2-CC 8.5
534,2038,121.717314236356,HadGEM2-CC 8.5
535,2039,98.6677829949153,HadGEM2-CC 8.5
536,2040,261.074936163334,HadGEM2-CC 8.5
537,2041,200.378531446761,HadGEM2-CC 8.5
538,2042,297.207860503767,HadGEM2-CC 8.5
539,2043,105.228596807363,HadGEM2-CC 8.5
540,2044,37.8382940213414,HadGEM2-CC 8.5
541,2045,143.038098172638,HadGEM2-CC 8.5
542,2046,155.884149698954,HadGEM2-CC 8.5
543,2047,155.025054982305,HadGEM2-CC 8.5
544,2048,149.209459673481,HadGEM2-CC 8.5
545,2049,314.472827589179,HadGEM2-CC 8.5
546,2050,137.696124151184,HadGEM2-CC 8.5
547,2051,80.4779371916572,HadGEM2-CC 8.5
548,2052,115.951543269228,HadGEM2-CC 8.5
549,2053,242.573149335293,HadGEM2-CC 8.5
550,2054,170.202669929594,HadGEM2-CC 8.5
551,2055,146.388550291574,HadGEM2-CC 8.5
552,2056,49.7181616512622,HadGEM2-CC 8.5
553,2057,55.7190445503137,HadGEM2-CC 8.5
554,2058,87.0684504328542,HadGEM2-CC 8.5
555,2059,51.5268447079846,HadGEM2-CC 8.5
556,2060,8.07486972730548,HadGEM2-CC 8.5
557,2061,167.915855440203,HadGEM2-CC 8.5
558,2062,123.626512753526,HadGEM2-CC 8.5
559,2063,155.352317545615,HadGEM2-CC 8.5
560,2064,202.900341165531,HadGEM2-CC 8.5
561,2065,206.825574088294,HadGEM2-CC 8.5
562,2066,227.842543342419,HadGEM2-CC 8.5
563,2067,188.284936306262,HadGEM2-CC 8.5
564,2068,120.220053569803,HadGEM2-CC 8.5
565,2069,122.927138994616,HadGEM2-CC 8.5
566,2070,144.409279971074,HadGEM2-CC 8.5
567,2071,53.2375256700125,HadGEM2-CC 8.5
568,2072,156.818873117846,HadGEM2-CC 8.5
569,2073,164.831194845301,HadGEM2-CC 8.5
570,2074,147.451548424361,HadGEM2-CC 8.5
571,2075,172.469631651604,HadGEM2-CC 8.5
572,2076,218.596231048374,HadGEM2-CC 8.5
573,2077,81.1400991634154,HadGEM2-CC 8.5
574,2078,84.8706361431196,HadGEM2-CC 8.5
575,2079,5.60958329756185,HadGEM2-CC 8.5
576,2080,17.5756232248645,HadGEM2-CC 8.5
577,2081,198.801334517871,HadGEM2-CC 8.5
578,2082,36.2537011433705,HadGEM2-CC 8.5
579,2083,59.1211843893566,HadGEM2-CC 8.5
580,2084,63.7633542342048,HadGEM2-CC 8.5
581,2085,22.9309600972523,HadGEM2-CC 8.5
582,2086,33.3808664634007,HadGEM2-CC 8.5
583,2087,57.5979542373953,HadGEM2-CC 8.5
584,2088,49.8057926099416,HadGEM2-CC 8.5
585,2089,8.86607742056789,HadGEM2-CC 8.5
586,2090,40.3549119630683,HadGEM2-CC 8.5
587,2091,102.327047237589,HadGEM2-CC 8.5
588,2092,32.6913334518673,HadGEM2-CC 8.5
589,2093,105.393289801221,HadGEM2-CC 8.5
590,2094,57.2651913055065,HadGEM2-CC 8.5
591,2095,147.487396356852,HadGEM2-CC 8.5
592,2096,149.748352594301,HadGEM2-CC 8.5
593,2097,189.51176672309,HadGEM2-CC 8.5
594,2098,183.076010295013,HadGEM2-CC 8.5
595,2099,29.3401586931716,HadGEM2-CC 8.5
661,2016,144.156847290125,HadGEM2-ES 4.5
662,2017,239.494483112728,HadGEM2-ES 4.5
663,2018,287.955986534023,HadGEM2-ES 4.5
664,2019,237.781031691445,HadGEM2-ES 4.5
665,2020,229.431185306551,HadGEM2-ES 4.5
666,2021,29.6033754594132,HadGEM2-ES 4.5
667,2022,127.634834355504,HadGEM2-ES 4.5
668,2023,139.549928856652,HadGEM2-ES 4.5
669,2024,148.083758031615,HadGEM2-ES 4.5
670,2025,87.2485669273624,HadGEM2-ES 4.5
671,2026,12.8293524948284,HadGEM2-ES 4.5
672,2027,18.4148823555552,HadGEM2-ES 4.5
673,2028,113.160819974767,HadGEM2-ES 4.5
674,2029,242.393089944442,HadGEM2-ES 4.5
675,2030,127.380103541333,HadGEM2-ES 4.5
676,2031,32.0789463304843,HadGEM2-ES 4.5
677,2032,268.248015296733,HadGEM2-ES 4.5
678,2033,231.645639677498,HadGEM2-ES 4.5
679,2034,62.8130418119308,HadGEM2-ES 4.5
680,2035,44.0857345224062,HadGEM2-ES 4.5
681,2036,55.8740568965233,HadGEM2-ES 4.5
682,2037,109.487470797661,HadGEM2-ES 4.5
683,2038,124.915628678597,HadGEM2-ES 4.5
684,2039,134.545141299962,HadGEM2-ES 4.5
685,2040,28.1674132180332,HadGEM2-ES 4.5
686,2041,26.4899773657981,HadGEM2-ES 4.5
687,2042,103.056685459269,HadGEM2-ES 4.5
688,2043,295.35231111455,HadGEM2-ES 4.5
689,2044,76.6713143313491,HadGEM2-ES 4.5
690,2045,237.620007139396,HadGEM2-ES 4.5
691,2046,242.230434566436,HadGEM2-ES 4.5
692,2047,158.283782959136,HadGEM2-ES 4.5
693,2048,7.41826892866328,HadGEM2-ES 4.5
694,2049,29.7991647938475,HadGEM2-ES 4.5
695,2050,179.316856067488,HadGEM2-ES 4.5
696,2051,145.278658990832,HadGEM2-ES 4.5
697,2052,163.494053252541,HadGEM2-ES 4.5
698,2053,147.161074606919,HadGEM2-ES 4.5
699,2054,36.803776921968,HadGEM2-ES 4.5
700,2055,79.156421696879,HadGEM2-ES 4.5
701,2056,61.485303453721,HadGEM2-ES 4.5
702,2057,26.404483527005,HadGEM2-ES 4.5
703,2058,38.0262752424293,HadGEM2-ES 4.5
704,2059,28.6983748442461,HadGEM2-ES 4.5
705,2060,69.6494009876166,HadGEM2-ES 4.5
706,2061,49.3748831084958,HadGEM2-ES 4.5
707,2062,29.0125358515868,HadGEM2-ES 4.5
708,2063,99.9653051404742,HadGEM2-ES 4.5
709,2064,86.72709835602,HadGEM2-ES 4.5
710,2065,242.090025718933,HadGEM2-ES 4.5
711,2066,203.977872499593,HadGEM2-ES 4.5
712,2067,109.99224113095,HadGEM2-ES 4.5
713,2068,111.092038298458,HadGEM2-ES 4.5
714,2069,95.7782998804224,HadGEM2-ES 4.5
715,2070,125.516307779467,HadGEM2-ES 4.5
716,2071,38.4113162017513,HadGEM2-ES 4.5
717,2072,64.7837059162564,HadGEM2-ES 4.5
718,2073,40.5850860567381,HadGEM2-ES 4.5
719,2074,205.039555236303,HadGEM2-ES 4.5
720,2075,66.9373951625019,HadGEM2-ES 4.5
721,2076,237.585208451243,HadGEM2-ES 4.5
722,2077,169.554922537118,HadGEM2-ES 4.5
723,2078,34.0038263282177,HadGEM2-ES 4.5
724,2079,35.8412378805251,HadGEM2-ES 4.5
725,2080,67.3834723744574,HadGEM2-ES 4.5
726,2081,56.1364303157619,HadGEM2-ES 4.5
727,2082,56.6131286115806,HadGEM2-ES 4.5
728,2083,62.4382735125137,HadGEM2-ES 4.5
729,2084,32.3954572059356,HadGEM2-ES 4.5
730,2085,25.4673589773644,HadGEM2-ES 4.5
731,2086,14.1643608417259,HadGEM2-ES 4.5
732,2087,72.016110137311,HadGEM2-ES 4.5
733,2088,135.276626276299,HadGEM2-ES 4.5
734,2089,217.466301711156,HadGEM2-ES 4.5
735,2090,115.640939819389,HadGEM2-ES 4.5
736,2091,118.500038453154,HadGEM2-ES 4.5
737,2092,23.3602398343998,HadGEM2-ES 4.5
738,2093,83.0477079246913,HadGEM2-ES 4.5
739,2094,26.015554827863,HadGEM2-ES 4.5
740,2095,60.5884542307091,HadGEM2-ES 4.5
741,2096,50.4221745998931,HadGEM2-ES 4.5
742,2097,33.1790131909964,HadGEM2-ES 4.5
743,2098,181.905677163032,HadGEM2-ES 4.5
744,2099,264.247842082574,HadGEM2-ES 4.5
810,2016,172.823235155328,HadGEM2-ES 8.5
811,2017,128.602430781576,HadGEM2-ES 8.5
812,2018,158.749384008796,HadGEM2-ES 8.5
813,2019,53.6294710889849,HadGEM2-ES 8.5
814,2020,30.4901404590472,HadGEM2-ES 8.5
815,2021,56.0896794520325,HadGEM2-ES 8.5
816,2022,40.2321154058434,HadGEM2-ES 8.5
817,2023,119.458597598056,HadGEM2-ES 8.5
818,2024,215.589851448737,HadGEM2-ES 8.5
819,2025,182.117065051738,HadGEM2-ES 8.5
820,2026,29.4859404994399,HadGEM2-ES 8.5
821,2027,127.67869100697,HadGEM2-ES 8.5
822,2028,31.580092626517,HadGEM2-ES 8.5
823,2029,96.1594235230243,HadGEM2-ES 8.5
824,2030,172.460099290722,HadGEM2-ES 8.5
825,2031,77.7011800982305,HadGEM2-ES 8.5
826,2032,48.5013773724522,HadGEM2-ES 8.5
827,2033,70.7167900374023,HadGEM2-ES 8.5
828,2034,94.1152242455485,HadGEM2-ES 8.5
829,2035,170.044225082717,HadGEM2-ES 8.5
830,2036,279.593374870725,HadGEM2-ES 8.5
831,2037,192.956485000816,HadGEM2-ES 8.5
832,2038,188.601718653049,HadGEM2-ES 8.5
833,2039,160.379353122236,HadGEM2-ES 8.5
834,2040,171.352289619722,HadGEM2-ES 8.5
835,2041,176.552413506917,HadGEM2-ES 8.5
836,2042,119.020207604707,HadGEM2-ES 8.5
837,2043,28.0286205100138,HadGEM2-ES 8.5
838,2044,203.788992876142,HadGEM2-ES 8.5
839,2045,166.698371654955,HadGEM2-ES 8.5
840,2046,48.2408864663778,HadGEM2-ES 8.5
841,2047,18.2185182248038,HadGEM2-ES 8.5
842,2048,268.995286267419,HadGEM2-ES 8.5
843,2049,175.022329581393,HadGEM2-ES 8.5
844,2050,274.499357656013,HadGEM2-ES 8.5
845,2051,139.649109285869,HadGEM2-ES 8.5
846,2052,22.7699514607335,HadGEM2-ES 8.5
847,2053,33.4994879007588,HadGEM2-ES 8.5
848,2054,26.2649860679272,HadGEM2-ES 8.5
849,2055,30.9655566908254,HadGEM2-ES 8.5
850,2056,52.979930004833,HadGEM2-ES 8.5
851,2057,31.8011258808658,HadGEM2-ES 8.5
852,2058,96.0017053792786,HadGEM2-ES 8.5
853,2059,188.762118812616,HadGEM2-ES 8.5
854,2060,62.475501535271,HadGEM2-ES 8.5
855,2061,73.1867358720497,HadGEM2-ES 8.5
856,2062,46.5460971285091,HadGEM2-ES 8.5
857,2063,18.9889670463424,HadGEM2-ES 8.5
858,2064,57.0964521112036,HadGEM2-ES 8.5
859,2065,43.1816061203049,HadGEM2-ES 8.5
860,2066,56.3444036790857,HadGEM2-ES 8.5
861,2067,20.6006508120356,HadGEM2-ES 8.5
862,2068,49.3730366735675,HadGEM2-ES 8.5
863,2069,12.241110592982,HadGEM2-ES 8.5
864,2070,42.0684798305634,HadGEM2-ES 8.5
865,2071,98.7019899879259,HadGEM2-ES 8.5
866,2072,109.477466880082,HadGEM2-ES 8.5
867,2073,49.2800559939805,HadGEM2-ES 8.5
868,2074,105.256646847215,HadGEM2-ES 8.5
869,2075,36.7284606608002,HadGEM2-ES 8.5
870,2076,52.3075935241314,HadGEM2-ES 8.5
871,2077,141.671562290743,HadGEM2-ES 8.5
872,2078,173.239684955646,HadGEM2-ES 8.5
873,2079,53.7589976170971,HadGEM2-ES 8.5
874,2080,177.370884448075,HadGEM2-ES 8.5
875,2081,138.730986350656,HadGEM2-ES 8.5
876,2082,25.3323803014057,HadGEM2-ES 8.5
877,2083,87.5588338684988,HadGEM2-ES 8.5
878,2084,20.3406116890365,HadGEM2-ES 8.5
879,2085,49.5681945861102,HadGEM2-ES 8.5
880,2086,43.9575824060789,HadGEM2-ES 8.5
881,2087,132.529349816394,HadGEM2-ES 8.5
882,2088,34.2912798753658,HadGEM2-ES 8.5
883,2089,62.4108817605626,HadGEM2-ES 8.5
884,2090,40.3768552353375,HadGEM2-ES 8.5
885,2091,150.522363807326,HadGEM2-ES 8.5
886,2092,102.892865652633,HadGEM2-ES 8.5
887,2093,49.1795540776529,HadGEM2-ES 8.5
888,2094,32.4493924816106,HadGEM2-ES 8.5
889,2095,77.77909343865,HadGEM2-ES 8.5
890,2096,144.759205570654,HadGEM2-ES 8.5
891,2097,40.6950914345958,HadGEM2-ES 8.5
892,2098,126.703799013412,HadGEM2-ES 8.5
893,2099,66.4010363888628,HadGEM2-ES 8.5
959,2016,233.608855668002,CANESM2 4.5
960,2017,174.606363667308,CANESM2 4.5
961,2018,33.9407839635711,CANESM2 4.5
962,2019,39.2055641755135,CANESM2 4.5
963,2020,126.0006242865,CANESM2 4.5
964,2021,32.6616917050398,CANESM2 4.5
965,2022,214.967800252878,CANESM2 4.5
966,2023,115.83569845013,CANESM2 4.5
967,2024,266.063343749535,CANESM2 4.5
968,2025,160.409911367432,CANESM2 4.5
969,2026,202.928219976498,CANESM2 4.5
970,2027,131.471702007402,CANESM2 4.5
971,2028,120.688047534607,CANESM2 4.5
972,2029,238.835799663545,CANESM2 4.5
973,2030,124.488290705068,CANESM2 4.5
974,2031,33.1647915412381,CANESM2 4.5
975,2032,188.382564537651,CANESM2 4.5
976,2033,186.675459309996,CANESM2 4.5
977,2034,160.389115490339,CANESM2 4.5
978,2035,46.3574839760512,CANESM2 4.5
979,2036,52.0667880297986,CANESM2 4.5
980,2037,209.822285541073,CANESM2 4.5
981,2038,46.34526134275,CANESM2 4.5
982,2039,72.6904793263237,CANESM2 4.5
983,2040,178.324567859241,CANESM2 4.5
984,2041,32.6244074976667,CANESM2 4.5
985,2042,190.667530392085,CANESM2 4.5
986,2043,47.9176467994451,CANESM2 4.5
987,2044,71.6450352778358,CANESM2 4.5
988,2045,171.066717600425,CANESM2 4.5
989,2046,247.845574455687,CANESM2 4.5
990,2047,222.113098495318,CANESM2 4.5
991,2048,104.044466519143,CANESM2 4.5
992,2049,107.846713844072,CANESM2 4.5
993,2050,55.7068033120595,CANESM2 4.5
994,2051,101.596642503068,CANESM2 4.5
995,2052,52.7573122630349,CANESM2 4.5
996,2053,65.9273647633874,CANESM2 4.5
997,2054,84.5920371001767,CANESM2 4.5
998,2055,88.3465834127865,CANESM2 4.5
999,2056,11.6043502108097,CANESM2 4.5
1000,2057,115.653982519653,CANESM2 4.5
1001,2058,48.7069969714736,CANESM2 4.5
1002,2059,162.3410659797,CANESM2 4.5
1003,2060,280.800642233085,CANESM2 4.5
1004,2061,166.572232543035,CANESM2 4.5
1005,2062,201.034310722113,CANESM2 4.5
1006,2063,128.319724341938,CANESM2 4.5
1007,2064,81.5623632031902,CANESM2 4.5
1008,2065,48.0077141794012,CANESM2 4.5
1009,2066,224.551142440865,CANESM2 4.5
1010,2067,361.40076061188,CANESM2 4.5
1011,2068,249.452878189769,CANESM2 4.5
1012,2069,142.80521218927,CANESM2 4.5
1013,2070,85.2832421927783,CANESM2 4.5
1014,2071,199.30506983447,CANESM2 4.5
1015,2072,70.2068798925705,CANESM2 4.5
1016,2073,36.0676715965871,CANESM2 4.5
1017,2074,89.6591013482109,CANESM2 4.5
1018,2075,105.513543229811,CANESM2 4.5
1019,2076,86.4153211223972,CANESM2 4.5
1020,2077,164.554172423614,CANESM2 4.5
1021,2078,40.8873196337513,CANESM2 4.5
1022,2079,113.992969513489,CANESM2 4.5
1023,2080,199.414152501139,CANESM2 4.5
1024,2081,181.220814990281,CANESM2 4.5
1025,2082,102.100618278941,CANESM2 4.5
1026,2083,119.603843441719,CANESM2 4.5
1027,2084,279.216912306192,CANESM2 4.5
1028,2085,171.472360877442,CANESM2 4.5
1029,2086,202.495270390521,CANESM2 4.5
1030,2087,98.6884155519468,CANESM2 4.5
1031,2088,296.457265024294,CANESM2 4.5
1032,2089,201.382065794239,CANESM2 4.5
1033,2090,155.237625454067,CANESM2 4.5
1034,2091,10.0808924982314,CANESM2 4.5
1035,2092,26.0642754498812,CANESM2 4.5
1036,2093,117.978078531844,CANESM2 4.5
1037,2094,115.592600530208,CANESM2 4.5
1038,2095,138.946973984382,CANESM2 4.5
1039,2096,34.7435555597684,CANESM2 4.5
1040,2097,90.211401628771,CANESM2 4.5
1041,2098,170.329823437317,CANESM2 4.5
1042,2099,204.927503365229,CANESM2 4.5
1108,2016,292.14413586889,CANESM2 8.5
1109,2017,255.95883975908,CANESM2 8.5
1110,2018,160.627462791371,CANESM2 8.5
1111,2019,55.973798785593,CANESM2 8.5
1112,2020,38.8661864438356,CANESM2 8.5
1113,2021,23.5849530893991,CANESM2 8.5
1114,2022,104.310024260847,CANESM2 8.5
1115,2023,28.2407723504626,CANESM2 8.5
1116,2024,53.5061231133131,CANESM2 8.5
1117,2025,91.2790112318101,CANESM2 8.5
1118,2026,110.548926704687,CANESM2 8.5
1119,2027,318.410806160965,CANESM2 8.5
1120,2028,180.785924321102,CANESM2 8.5
1121,2029,26.859431832318,CANESM2 8.5
1122,2030,50.1613890528792,CANESM2 8.5
1123,2031,252.795386757643,CANESM2 8.5
1124,2032,257.34241704738,CANESM2 8.5
1125,2033,154.858341549629,CANESM2 8.5
1126,2034,29.3348791990718,CANESM2 8.5
1127,2035,11.4697214311459,CANESM2 8.5
1128,2036,22.4814142142688,CANESM2 8.5
1129,2037,21.7516197923687,CANESM2 8.5
1130,2038,105.368091055813,CANESM2 8.5
1131,2039,137.386064416337,CANESM2 8.5
1132,2040,46.6652955720507,CANESM2 8.5
1133,2041,106.194615307323,CANESM2 8.5
1134,2042,231.317389703088,CANESM2 8.5
1135,2043,84.4367596803323,CANESM2 8.5
1136,2044,161.163053681726,CANESM2 8.5
1137,2045,299.442429503098,CANESM2 8.5
1138,2046,146.534088546316,CANESM2 8.5
1139,2047,97.0483518795614,CANESM2 8.5
1140,2048,176.771984247305,CANESM2 8.5
1141,2049,172.525065757245,CANESM2 8.5
1142,2050,165.835168185078,CANESM2 8.5
1143,2051,119.371110076386,CANESM2 8.5
1144,2052,106.171797233708,CANESM2 8.5
1145,2053,77.8813627645316,CANESM2 8.5
1146,2054,77.3520116127441,CANESM2 8.5
1147,2055,197.816955684773,CANESM2 8.5
1148,2056,37.6818584965382,CANESM2 8.5
1149,2057,51.8569038498346,CANESM2 8.5
1150,2058,258.675140268072,CANESM2 8.5
1151,2059,200.744470460224,CANESM2 8.5
1152,2060,192.364734802579,CANESM2 8.5
1153,2061,215.28598662547,CANESM2 8.5
1154,2062,291.5943587062,CANESM2 8.5
1155,2063,294.373231907177,CANESM2 8.5
1156,2064,196.989669145943,CANESM2 8.5
1157,2065,135.378101747637,CANESM2 8.5
1158,2066,41.9250105888563,CANESM2 8.5
1159,2067,29.0967380826162,CANESM2 8.5
1160,2068,274.162686601189,CANESM2 8.5
1161,2069,168.05086933851,CANESM2 8.5
1162,2070,61.5896305055837,CANESM2 8.5
1163,2071,174.751986032758,CANESM2 8.5
1164,2072,181.061052766884,CANESM2 8.5
1165,2073,126.974274993958,CANESM2 8.5
1166,2074,150.759080589854,CANESM2 8.5
1167,2075,86.3211350518989,CANESM2 8.5
1168,2076,75.4305491446193,CANESM2 8.5
1169,2077,25.333461646997,CANESM2 8.5
1170,2078,78.4720351742014,CANESM2 8.5
1171,2079,304.914218409915,CANESM2 8.5
1172,2080,217.679196471384,CANESM2 8.5
1173,2081,39.8667184532499,CANESM2 8.5
1174,2082,159.12074139881,CANESM2 8.5
1175,2083,204.796789932492,CANESM2 8.5
1176,2084,230.095338991855,CANESM2 8.5
1177,2085,209.765488127401,CANESM2 8.5
1178,2086,168.212919747511,CANESM2 8.5
1179,2087,56.9322716462719,CANESM2 8.5
1180,2088,53.6385390875452,CANESM2 8.5
1181,2089,148.299612597038,CANESM2 8.5
1182,2090,212.467439233031,CANESM2 8.5
1183,2091,153.08885640519,CANESM2 8.5
1184,2092,41.1947189782989,CANESM2 8.5
1185,2093,191.591064889751,CANESM2 8.5
1186,2094,118.448807464149,CANESM2 8.5
1187,2095,160.288570200152,CANESM2 8.5
1188,2096,6.34357822128172,CANESM2 8.5
1189,2097,95.6328047782362,CANESM2 8.5
1190,2098,165.819126776293,CANESM2 8.5
1191,2099,139.742620428037,CANESM2 8.5
1257,2016,87.3718952459723,CNRM-CM5 4.5
1258,2017,52.4277001876298,CNRM-CM5 4.5
1259,2018,238.295536491751,CNRM-CM5 4.5
1260,2019,174.373087346747,CNRM-CM5 4.5
1261,2020,232.383494444631,CNRM-CM5 4.5
1262,2021,284.62197735158,CNRM-CM5 4.5
1263,2022,108.777377099056,CNRM-CM5 4.5
1264,2023,75.9652678576037,CNRM-CM5 4.5
1265,2024,259.63130815038,CNRM-CM5 4.5
1266,2025,187.137636520538,CNRM-CM5 4.5
1267,2026,164.890088211909,CNRM-CM5 4.5
1268,2027,192.613662564816,CNRM-CM5 4.5
1269,2028,146.653887641284,CNRM-CM5 4.5
1270,2029,50.535999486388,CNRM-CM5 4.5
1271,2030,221.11513281156,CNRM-CM5 4.5
1272,2031,170.635886369845,CNRM-CM5 4.5
1273,2032,214.028879715916,CNRM-CM5 4.5
1274,2033,172.071001532427,CNRM-CM5 4.5
1275,2034,72.137470655794,CNRM-CM5 4.5
1276,2035,172.213167607818,CNRM-CM5 4.5
1277,2036,265.848494811381,CNRM-CM5 4.5
1278,2037,283.975533997612,CNRM-CM5 4.5
1279,2038,140.874991857183,CNRM-CM5 4.5
1280,2039,208.766523340805,CNRM-CM5 4.5
1281,2040,125.024859154971,CNRM-CM5 4.5
1282,2041,52.5138045053042,CNRM-CM5 4.5
1283,2042,34.00688969954,CNRM-CM5 4.5
1284,2043,145.265673515311,CNRM-CM5 4.5
1285,2044,205.487702634109,CNRM-CM5 4.5
1286,2045,237.407815229554,CNRM-CM5 4.5
1287,2046,215.273186573884,CNRM-CM5 4.5
1288,2047,223.895855498296,CNRM-CM5 4.5
1289,2048,134.891140313982,CNRM-CM5 4.5
1290,2049,138.784051839105,CNRM-CM5 4.5
1291,2050,144.486288644001,CNRM-CM5 4.5
1292,2051,174.422544277064,CNRM-CM5 4.5
1293,2052,90.4508036189839,CNRM-CM5 4.5
1294,2053,32.9891851202838,CNRM-CM5 4.5
1295,2054,87.6167958411743,CNRM-CM5 4.5
1296,2055,147.726577468429,CNRM-CM5 4.5
1297,2056,239.115157962194,CNRM-CM5 4.5
1298,2057,197.828166761788,CNRM-CM5 4.5
1299,2058,73.657924863651,CNRM-CM5 4.5
1300,2059,218.736075209283,CNRM-CM5 4.5
1301,2060,277.662435207928,CNRM-CM5 4.5
1302,2061,100.90717613142,CNRM-CM5 4.5
1303,2062,48.3729263776288,CNRM-CM5 4.5
1304,2063,133.129837273838,CNRM-CM5 4.5
1305,2064,136.833152109898,CNRM-CM5 4.5
1306,2065,71.6206972413299,CNRM-CM5 4.5
1307,2066,35.9888379683135,CNRM-CM5 4.5
1308,2067,105.365101997706,CNRM-CM5 4.5
1309,2068,52.6848603420671,CNRM-CM5 4.5
1310,2069,71.8260175561782,CNRM-CM5 4.5
1311,2070,220.976600150091,CNRM-CM5 4.5
1312,2071,218.243194913793,CNRM-CM5 4.5
1313,2072,124.822942350813,CNRM-CM5 4.5
1314,2073,131.874913169535,CNRM-CM5 4.5
1315,2074,178.535919219217,CNRM-CM5 4.5
1316,2075,178.9104467321,CNRM-CM5 4.5
1317,2076,166.731876199602,CNRM-CM5 4.5
1318,2077,230.610447219233,CNRM-CM5 4.5
1319,2078,176.853843498562,CNRM-CM5 4.5
1320,2079,201.127212075717,CNRM-CM5 4.5
1321,2080,149.909998073724,CNRM-CM5 4.5
1322,2081,182.184031218726,CNRM-CM5 4.5
1323,2082,143.674015366685,CNRM-CM5 4.5
1324,2083,165.381708366211,CNRM-CM5 4.5
1325,2084,248.288717978423,CNRM-CM5 4.5
1326,2085,183.746262721147,CNRM-CM5 4.5
1327,2086,89.0326494734287,CNRM-CM5 4.5
1328,2087,100.595649911551,CNRM-CM5 4.5
1329,2088,219.943217626939,CNRM-CM5 4.5
1330,2089,180.689483979493,CNRM-CM5 4.5
1331,2090,88.0744527734116,CNRM-CM5 4.5
1332,2091,162.227044981619,CNRM-CM5 4.5
1333,2092,120.423765521714,CNRM-CM5 4.5
1334,2093,95.953694578529,CNRM-CM5 4.5
1335,2094,44.5017017893316,CNRM-CM5 4.5
1336,2095,193.883929576883,CNRM-CM5 4.5
1337,2096,149.608524695177,CNRM-CM5 4.5
1338,2097,193.194636589816,CNRM-CM5 4.5
1339,2098,193.112596712245,CNRM-CM5 4.5
1340,2099,231.431544647554,CNRM-CM5 4.5
1406,2016,235.414306189563,CNRM-CM5 8.5
1407,2017,209.748894023383,CNRM-CM5 8.5
1408,2018,136.565410012256,CNRM-CM5 8.5
1409,2019,215.165897826358,CNRM-CM5 8.5
1410,2020,260.901563603715,CNRM-CM5 8.5
1411,2021,112.124247034886,CNRM-CM5 8.5
1412,2022,165.127279356075,CNRM-CM5 8.5
1413,2023,154.414427391735,CNRM-CM5 8.5
1414,2024,211.255436843679,CNRM-CM5 8.5
1415,2025,141.442495224492,CNRM-CM5 8.5
1416,2026,158.880642400035,CNRM-CM5 8.5
1417,2027,308.441535934375,CNRM-CM5 8.5
1418,2028,141.958917366414,CNRM-CM5 8.5
1419,2029,149.482697339279,CNRM-CM5 8.5
1420,2030,154.707337026498,CNRM-CM5 8.5
1421,2031,241.869717917267,CNRM-CM5 8.5
1422,2032,249.906438803721,CNRM-CM5 8.5
1423,2033,142.510945630573,CNRM-CM5 8.5
1424,2034,132.528995475519,CNRM-CM5 8.5
1425,2035,179.626865664237,CNRM-CM5 8.5
1426,2036,136.758841438218,CNRM-CM5 8.5
1427,2037,131.078807781044,CNRM-CM5 8.5
1428,2038,147.85321370108,CNRM-CM5 8.5
1429,2039,216.923039553274,CNRM-CM5 8.5
1430,2040,46.9873112581952,CNRM-CM5 8.5
1431,2041,122.771512463985,CNRM-CM5 8.5
1432,2042,191.141604038777,CNRM-CM5 8.5
1433,2043,185.023553673746,CNRM-CM5 8.5
1434,2044,197.209920894891,CNRM-CM5 8.5
1435,2045,64.5945003828958,CNRM-CM5 8.5
1436,2046,139.626087476975,CNRM-CM5 8.5
1437,2047,167.899561062699,CNRM-CM5 8.5
1438,2048,85.5083084713793,CNRM-CM5 8.5
1439,2049,194.848943496502,CNRM-CM5 8.5
1440,2050,162.429003434472,CNRM-CM5 8.5
1441,2051,260.932024422789,CNRM-CM5 8.5
1442,2052,116.308131366174,CNRM-CM5 8.5
1443,2053,70.1487776861106,CNRM-CM5 8.5
1444,2054,42.6983068017072,CNRM-CM5 8.5
1445,2055,135.084903129063,CNRM-CM5 8.5
1446,2056,223.262322820597,CNRM-CM5 8.5
1447,2057,161.980179221573,CNRM-CM5 8.5
1448,2058,134.959416525044,CNRM-CM5 8.5
1449,2059,220.614002795212,CNRM-CM5 8.5
1450,2060,197.392852416856,CNRM-CM5 8.5
1451,2061,143.479888830645,CNRM-CM5 8.5
1452,2062,63.3808252342861,CNRM-CM5 8.5
1453,2063,114.929787151006,CNRM-CM5 8.5
1454,2064,32.1349301817192,CNRM-CM5 8.5
1455,2065,170.131116142718,CNRM-CM5 8.5
1456,2066,116.248455827273,CNRM-CM5 8.5
1457,2067,108.47925333407,CNRM-CM5 8.5
1458,2068,31.0863537688035,CNRM-CM5 8.5
1459,2069,213.351094114902,CNRM-CM5 8.5
1460,2070,193.508096330272,CNRM-CM5 8.5
1461,2071,31.9031009465126,CNRM-CM5 8.5
1462,2072,193.321673239339,CNRM-CM5 8.5
1463,2073,157.678755962448,CNRM-CM5 8.5
1464,2074,240.048277710696,CNRM-CM5 8.5
1465,2075,200.330465587606,CNRM-CM5 8.5
1466,2076,99.5558534900298,CNRM-CM5 8.5
1467,2077,86.5502430793998,CNRM-CM5 8.5
1468,2078,66.3426920477255,CNRM-CM5 8.5
1469,2079,134.600666307216,CNRM-CM5 8.5
1470,2080,241.591804461844,CNRM-CM5 8.5
1471,2081,119.663243509809,CNRM-CM5 8.5
1472,2082,96.1221332535142,CNRM-CM5 8.5
1473,2083,26.2586337243627,CNRM-CM5 8.5
1474,2084,62.4370718936071,CNRM-CM5 8.5
1475,2085,40.3773234315659,CNRM-CM5 8.5
1476,2086,187.510930354809,CNRM-CM5 8.5
1477,2087,191.739736788628,CNRM-CM5 8.5
1478,2088,109.79155196579,CNRM-CM5 8.5
1479,2089,96.3875468331071,CNRM-CM5 8.5
1480,2090,153.221618022289,CNRM-CM5 8.5
1481,2091,186.351400553964,CNRM-CM5 8.5
1482,2092,164.097332465421,CNRM-CM5 8.5
1483,2093,106.343028367818,CNRM-CM5 8.5
1484,2094,152.212476254505,CNRM-CM5 8.5
1485,2095,186.657460658287,CNRM-CM5 8.5
1486,2096,40.8536052095935,CNRM-CM5 8.5
1487,2097,123.220297265339,CNRM-CM5 8.5
1488,2098,133.829239935305,CNRM-CM5 8.5
1489,2099,166.851291556965,CNRM-CM5 8.5
1555,2016,64.6588415925246,CCSM4 4.5
1556,2017,86.6368327109295,CCSM4 4.5
1557,2018,125.003609559233,CCSM4 4.5
1558,2019,24.1960039208976,CCSM4 4.5
1559,2020,70.1565381890462,CCSM4 4.5
1560,2021,197.242067530278,CCSM4 4.5
1561,2022,151.271873520298,CCSM4 4.5
1562,2023,244.626611849351,CCSM4 4.5
1563,2024,136.840336264365,CCSM4 4.5
1564,2025,84.9657572265421,CCSM4 4.5
1565,2026,109.281704260165,CCSM4 4.5
1566,2027,267.581101623349,CCSM4 4.5
1567,2028,183.25694641348,CCSM4 4.5
1568,2029,25.3246940810354,CCSM4 4.5
1569,2030,88.1597732929221,CCSM4 4.5
1570,2031,234.354676933418,CCSM4 4.5
1571,2032,249.095986648705,CCSM4 4.5
1572,2033,85.1619117551905,CCSM4 4.5
1573,2034,24.503104822253,CCSM4 4.5
1574,2035,23.9258471682685,CCSM4 4.5
1575,2036,109.950378411335,CCSM4 4.5
1576,2037,55.8081774259975,CCSM4 4.5
1577,2038,25.0918226352978,CCSM4 4.5
1578,2039,110.123786990161,CCSM4 4.5
1579,2040,267.035999107076,CCSM4 4.5
1580,2041,176.585482520339,CCSM4 4.5
1581,2042,86.1096954802879,CCSM4 4.5
1582,2043,133.141861512507,CCSM4 4.5
1583,2044,180.199139643052,CCSM4 4.5
1584,2045,44.5928722173611,CCSM4 4.5
1585,2046,32.7577361631885,CCSM4 4.5
1586,2047,80.7787487853436,CCSM4 4.5
1587,2048,176.273912501,CCSM4 4.5
1588,2049,168.509119194033,CCSM4 4.5
1589,2050,108.229396012597,CCSM4 4.5
1590,2051,169.704687875523,CCSM4 4.5
1591,2052,183.143767291337,CCSM4 4.5
1592,2053,245.141115516232,CCSM4 4.5
1593,2054,211.015848929958,CCSM4 4.5
1594,2055,91.7849617034531,CCSM4 4.5
1595,2056,28.1193407379864,CCSM4 4.5
1596,2057,48.8286407489535,CCSM4 4.5
1597,2058,22.0302998042475,CCSM4 4.5
1598,2059,55.3391787227505,CCSM4 4.5
1599,2060,24.0950304831925,CCSM4 4.5
1600,2061,201.474281034635,CCSM4 4.5
1601,2062,261.580162966981,CCSM4 4.5
1602,2063,228.860300672452,CCSM4 4.5
1603,2064,285.036287652567,CCSM4 4.5
1604,2065,135.841754468582,CCSM4 4.5
1605,2066,109.502157806705,CCSM4 4.5
1606,2067,263.902005967745,CCSM4 4.5
1607,2068,165.421369720452,CCSM4 4.5
1608,2069,19.6808467006342,CCSM4 4.5
1609,2070,103.871512274891,CCSM4 4.5
1610,2071,151.776374257096,CCSM4 4.5
1611,2072,216.234646427234,CCSM4 4.5
1612,2073,45.0665766061549,CCSM4 4.5
1613,2074,98.7813811859348,CCSM4 4.5
1614,2075,188.598674476293,CCSM4 4.5
1615,2076,184.450559377861,CCSM4 4.5
1616,2077,157.888371228424,CCSM4 4.5
1617,2078,132.254792303799,CCSM4 4.5
1618,2079,168.95270060287,CCSM4 4.5
1619,2080,105.22311960173,CCSM4 4.5
1620,2081,61.466121113016,CCSM4 4.5
1621,2082,85.4216975434984,CCSM4 4.5
1622,2083,63.422817620879,CCSM4 4.5
1623,2084,13.8678901153874,CCSM4 4.5
1624,2085,32.3059482145514,CCSM4 4.5
1625,2086,85.2049087932925,CCSM4 4.5
1626,2087,93.1364617069999,CCSM4 4.5
1627,2088,91.1142223472566,CCSM4 4.5
1628,2089,175.323327120347,CCSM4 4.5
1629,2090,195.352498394318,CCSM4 4.5
1630,2091,151.276242641806,CCSM4 4.5
1631,2092,39.7472886302147,CCSM4 4.5
1632,2093,26.9566419171068,CCSM4 4.5
1633,2094,139.220254370998,CCSM4 4.5
1634,2095,297.607641896963,CCSM4 4.5
1635,2096,145.379264787521,CCSM4 4.5
1636,2097,153.075418507794,CCSM4 4.5
1637,2098,207.514752474092,CCSM4 4.5
1638,2099,178.789561861278,CCSM4 4.5
1704,2016,93.2089248544338,CCSM4 8.5
1705,2017,229.616400575115,CCSM4 8.5
1706,2018,149.631888229985,CCSM4 8.5
1707,2019,199.903339735742,CCSM4 8.5
1708,2020,190.789106093543,CCSM4 8.5
1709,2021,89.7485496007928,CCSM4 8.5
1710,2022,14.157435989733,CCSM4 8.5
1711,2023,142.781277085043,CCSM4 8.5
1712,2024,125.806364399165,CCSM4 8.5
1713,2025,121.080276278153,CCSM4 8.5
1714,2026,321.929885260715,CCSM4 8.5
1715,2027,212.106547999897,CCSM4 8.5
1716,2028,192.874229652193,CCSM4 8.5
1717,2029,154.089557716639,CCSM4 8.5
1718,2030,253.374452790397,CCSM4 8.5
1719,2031,76.1984800702474,CCSM4 8.5
1720,2032,223.253538702642,CCSM4 8.5
1721,2033,215.07700197777,CCSM4 8.5
1722,2034,220.116642791317,CCSM4 8.5
1723,2035,81.8086645779569,CCSM4 8.5
1724,2036,123.461365287265,CCSM4 8.5
1725,2037,85.0635880349816,CCSM4 8.5
1726,2038,26.7801643928379,CCSM4 8.5
1727,2039,148.232916674383,CCSM4 8.5
1728,2040,59.795057676576,CCSM4 8.5
1729,2041,122.030708353585,CCSM4 8.5
1730,2042,147.309355238086,CCSM4 8.5
1731,2043,98.6431456582943,CCSM4 8.5
1732,2044,222.82074705503,CCSM4 8.5
1733,2045,275.808584669263,CCSM4 8.5
1734,2046,160.334469288764,CCSM4 8.5
1735,2047,70.7778584939263,CCSM4 8.5
1736,2048,236.636470466416,CCSM4 8.5
1737,2049,182.278364283253,CCSM4 8.5
1738,2050,164.412252403089,CCSM4 8.5
1739,2051,80.2845315250686,CCSM4 8.5
1740,2052,72.5132630988798,CCSM4 8.5
1741,2053,69.2119035309502,CCSM4 8.5
1742,2054,89.7844485343903,CCSM4 8.5
1743,2055,141.13865354698,CCSM4 8.5
1744,2056,35.0856310887681,CCSM4 8.5
1745,2057,40.5124104063289,CCSM4 8.5
1746,2058,82.978941231501,CCSM4 8.5
1747,2059,40.1153580603986,CCSM4 8.5
1748,2060,3.38483849015995,CCSM4 8.5
1749,2061,50.5300715235714,CCSM4 8.5
1750,2062,91.2562985374794,CCSM4 8.5
1751,2063,259.574941898839,CCSM4 8.5
1752,2064,70.5516526139617,CCSM4 8.5
1753,2065,23.0632814468606,CCSM4 8.5
1754,2066,32.371685199389,CCSM4 8.5
1755,2067,111.525551405671,CCSM4 8.5
1756,2068,221.225823954146,CCSM4 8.5
1757,2069,179.724180617551,CCSM4 8.5
1758,2070,178.639642626657,CCSM4 8.5
1759,2071,160.60568883012,CCSM4 8.5
1760,2072,173.875958614511,CCSM4 8.5
1761,2073,158.578904650607,CCSM4 8.5
1762,2074,176.176094202853,CCSM4 8.5
1763,2075,95.504437085965,CCSM4 8.5
1764,2076,18.0573306155502,CCSM4 8.5
1765,2077,16.8727459307277,CCSM4 8.5
1766,2078,50.4063772230036,CCSM4 8.5
1767,2079,267.433514716558,CCSM4 8.5
1768,2080,155.328862553373,CCSM4 8.5
1769,2081,60.7323161020329,CCSM4 8.5
1770,2082,51.7625347095319,CCSM4 8.5
1771,2083,71.2582707314989,CCSM4 8.5
1772,2084,27.8823740096116,CCSM4 8.5
1773,2085,49.6822189406178,CCSM4 8.5
1774,2086,75.7135614605846,CCSM4 8.5
1775,2087,191.150844537513,CCSM4 8.5
1776,2088,145.493082310301,CCSM4 8.5
1777,2089,115.395552455258,CCSM4 8.5
1778,2090,253.666833483676,CCSM4 8.5
1779,2091,125.062840344743,CCSM4 8.5
1780,2092,45.9405384248586,CCSM4 8.5
1781,2093,26.089006912859,CCSM4 8.5
1782,2094,46.6948798278829,CCSM4 8.5
1783,2095,153.462528661105,CCSM4 8.5
1784,2096,164.539153288305,CCSM4 8.5
1785,2097,27.123583043151,CCSM4 8.5
1786,2098,52.1723811276267,CCSM4 8.5
1787,2099,187.818830565609,CCSM4 8.5
1853,2016,108.460329454318,GFDL-CM3 4.5
1854,2017,46.9633967127551,GFDL-CM3 4.5
1855,2018,172.836408353828,GFDL-CM3 4.5
1856,2019,192.856815435735,GFDL-CM3 4.5
1857,2020,79.8322551384237,GFDL-CM3 4.5
1858,2021,50.0719278969045,GFDL-CM3 4.5
1859,2022,109.605461040181,GFDL-CM3 4.5
1860,2023,87.2418862054647,GFDL-CM3 4.5
1861,2024,40.4287357726295,GFDL-CM3 4.5
1862,2025,69.41216396458,GFDL-CM3 4.5
1863,2026,42.7799114669698,GFDL-CM3 4.5
1864,2027,59.6354631846543,GFDL-CM3 4.5
1865,2028,110.208855343922,GFDL-CM3 4.5
1866,2029,193.007526706952,GFDL-CM3 4.5
1867,2030,90.4700533658261,GFDL-CM3 4.5
1868,2031,238.333496234856,GFDL-CM3 4.5
1869,2032,128.079999648049,GFDL-CM3 4.5
1870,2033,196.977662649478,GFDL-CM3 4.5
1871,2034,166.385604524777,GFDL-CM3 4.5
1872,2035,57.1267860910006,GFDL-CM3 4.5
1873,2036,152.494851489918,GFDL-CM3 4.5
1874,2037,221.671710782066,GFDL-CM3 4.5
1875,2038,136.216067189934,GFDL-CM3 4.5
1876,2039,151.079563010271,GFDL-CM3 4.5
1877,2040,28.7195890165727,GFDL-CM3 4.5
1878,2041,128.654189511073,GFDL-CM3 4.5
1879,2042,207.319879673698,GFDL-CM3 4.5
1880,2043,173.099461631478,GFDL-CM3 4.5
1881,2044,194.897234743717,GFDL-CM3 4.5
1882,2045,153.080236002647,GFDL-CM3 4.5
1883,2046,45.3327213399964,GFDL-CM3 4.5
1884,2047,27.1639504850773,GFDL-CM3 4.5
1885,2048,51.854418694154,GFDL-CM3 4.5
1886,2049,35.2330545216028,GFDL-CM3 4.5
1887,2050,178.770242446916,GFDL-CM3 4.5
1888,2051,205.569424748912,GFDL-CM3 4.5
1889,2052,141.149675778266,GFDL-CM3 4.5
1890,2053,29.7665829617886,GFDL-CM3 4.5
1891,2054,95.1885178381314,GFDL-CM3 4.5
1892,2055,145.711118954779,GFDL-CM3 4.5
1893,2056,83.9245824886914,GFDL-CM3 4.5
1894,2057,224.903524226493,GFDL-CM3 4.5
1895,2058,93.3226963437182,GFDL-CM3 4.5
1896,2059,179.982377906475,GFDL-CM3 4.5
1897,2060,56.2232983198937,GFDL-CM3 4.5
1898,2061,66.2351707288603,GFDL-CM3 4.5
1899,2062,109.819296942928,GFDL-CM3 4.5
1900,2063,224.24352617744,GFDL-CM3 4.5
1901,2064,172.823270950192,GFDL-CM3 4.5
1902,2065,25.0644765277709,GFDL-CM3 4.5
1903,2066,181.239784006467,GFDL-CM3 4.5
1904,2067,212.648968396341,GFDL-CM3 4.5
1905,2068,207.122710438499,GFDL-CM3 4.5
1906,2069,209.944919188615,GFDL-CM3 4.5
1907,2070,165.99164714014,GFDL-CM3 4.5
1908,2071,69.2574597001849,GFDL-CM3 4.5
1909,2072,16.5090699920246,GFDL-CM3 4.5
1910,2073,182.045562380084,GFDL-CM3 4.5
1911,2074,182.2676942301,GFDL-CM3 4.5
1912,2075,64.9802910134012,GFDL-CM3 4.5
1913,2076,191.59117600899,GFDL-CM3 4.5
1914,2077,193.282495580874,GFDL-CM3 4.5
1915,2078,70.515571618754,GFDL-CM3 4.5
1916,2079,84.32137487276,GFDL-CM3 4.5
1917,2080,79.4547694625543,GFDL-CM3 4.5
1918,2081,26.6439579779443,GFDL-CM3 4.5
1919,2082,29.1404831415991,GFDL-CM3 4.5
1920,2083,185.716470012988,GFDL-CM3 4.5
1921,2084,44.8114030894991,GFDL-CM3 4.5
1922,2085,75.8573826633778,GFDL-CM3 4.5
1923,2086,60.9416759503608,GFDL-CM3 4.5
1924,2087,103.723971943707,GFDL-CM3 4.5
1925,2088,79.1878529491636,GFDL-CM3 4.5
1926,2089,16.705474626707,GFDL-CM3 4.5
1927,2090,95.5698126537201,GFDL-CM3 4.5
1928,2091,181.094108581142,GFDL-CM3 4.5
1929,2092,172.18715500322,GFDL-CM3 4.5
1930,2093,210.316341508608,GFDL-CM3 4.5
1931,2094,147.011935466979,GFDL-CM3 4.5
1932,2095,72.3403384595569,GFDL-CM3 4.5
1933,2096,302.345848045187,GFDL-CM3 4.5
1934,2097,149.091763033831,GFDL-CM3 4.5
1935,2098,74.8551403863993,GFDL-CM3 4.5
1936,2099,135.913883545138,GFDL-CM3 4.5
2002,2016,91.5568278392913,GFDL-CM3 8.5
2003,2017,132.332435626488,GFDL-CM3 8.5
2004,2018,68.6251417584088,GFDL-CM3 8.5
2005,2019,12.2035884180164,GFDL-CM3 8.5
2006,2020,124.064792920066,GFDL-CM3 8.5
2007,2021,38.8797756588862,GFDL-CM3 8.5
2008,2022,30.6628185894334,GFDL-CM3 8.5
2009,2023,99.7257157996029,GFDL-CM3 8.5
2010,2024,84.3297103084543,GFDL-CM3 8.5
2011,2025,21.86364734981,GFDL-CM3 8.5
2012,2026,165.496837188648,GFDL-CM3 8.5
2013,2027,194.750984964715,GFDL-CM3 8.5
2014,2028,36.8997507522555,GFDL-CM3 8.5
2015,2029,139.817122393473,GFDL-CM3 8.5
2016,2030,282.283440658543,GFDL-CM3 8.5
2017,2031,150.834103059545,GFDL-CM3 8.5
2018,2032,153.882978905366,GFDL-CM3 8.5
2019,2033,82.6581585643994,GFDL-CM3 8.5
2020,2034,15.2121609874923,GFDL-CM3 8.5
2021,2035,73.0886364671179,GFDL-CM3 8.5
2022,2036,107.372770328042,GFDL-CM3 8.5
2023,2037,183.892852076094,GFDL-CM3 8.5
2024,2038,44.7308294350467,GFDL-CM3 8.5
2025,2039,114.517716213151,GFDL-CM3 8.5
2026,2040,120.875384455426,GFDL-CM3 8.5
2027,2041,183.28409093292,GFDL-CM3 8.5
2028,2042,54.5767528580006,GFDL-CM3 8.5
2029,2043,50.8864824650798,GFDL-CM3 8.5
2030,2044,206.226906100898,GFDL-CM3 8.5
2031,2045,189.299945673711,GFDL-CM3 8.5
2032,2046,248.657099518678,GFDL-CM3 8.5
2033,2047,166.195250546008,GFDL-CM3 8.5
2034,2048,75.9913804044686,GFDL-CM3 8.5
2035,2049,61.9135709519134,GFDL-CM3 8.5
2036,2050,18.8254130196079,GFDL-CM3 8.5
2037,2051,99.5096008050124,GFDL-CM3 8.5
2038,2052,134.613925233822,GFDL-CM3 8.5
2039,2053,181.148505283568,GFDL-CM3 8.5
2040,2054,33.1028544635843,GFDL-CM3 8.5
2041,2055,68.195648103413,GFDL-CM3 8.5
2042,2056,29.5591019145203,GFDL-CM3 8.5
2043,2057,69.2912369466207,GFDL-CM3 8.5
2044,2058,238.259336144322,GFDL-CM3 8.5
2045,2059,136.920674539316,GFDL-CM3 8.5
2046,2060,190.684665621807,GFDL-CM3 8.5
2047,2061,100.862989723641,GFDL-CM3 8.5
2048,2062,260.428676122826,GFDL-CM3 8.5
2049,2063,167.521674983672,GFDL-CM3 8.5
2050,2064,137.559683332052,GFDL-CM3 8.5
2051,2065,175.30398640419,GFDL-CM3 8.5
2052,2066,192.105088406471,GFDL-CM3 8.5
2053,2067,189.834160222709,GFDL-CM3 8.5
2054,2068,207.138960648286,GFDL-CM3 8.5
2055,2069,39.6985950639159,GFDL-CM3 8.5
2056,2070,108.495702074959,GFDL-CM3 8.5
2057,2071,182.209205506806,GFDL-CM3 8.5
2058,2072,191.190728150829,GFDL-CM3 8.5
2059,2073,63.7764014903566,GFDL-CM3 8.5
2060,2074,132.528107534068,GFDL-CM3 8.5
2061,2075,23.4209261468505,GFDL-CM3 8.5
2062,2076,78.1471659182971,GFDL-CM3 8.5
2063,2077,134.175749749927,GFDL-CM3 8.5
2064,2078,25.9081700599626,GFDL-CM3 8.5
2065,2079,54.8002140578039,GFDL-CM3 8.5
2066,2080,149.537766234773,GFDL-CM3 8.5
2067,2081,70.5712610541995,GFDL-CM3 8.5
2068,2082,111.181555699537,GFDL-CM3 8.5
2069,2083,116.657107032766,GFDL-CM3 8.5
2070,2084,141.15386153552,GFDL-CM3 8.5
2071,2085,134.643055343388,GFDL-CM3 8.5
2072,2086,13.7352541678672,GFDL-CM3 8.5
2073,2087,125.247511773024,GFDL-CM3 8.5
2074,2088,46.7188845611615,GFDL-CM3 8.5
2075,2089,68.2668969378903,GFDL-CM3 8.5
2076,2090,15.4101962634272,GFDL-CM3 8.5
2077,2091,147.516895937665,GFDL-CM3 8.5
2078,2092,17.4042774559794,GFDL-CM3 8.5
2079,2093,95.4864610024754,GFDL-CM3 8.5
2080,2094,68.5936649847527,GFDL-CM3 8.5
2081,2095,266.110320308323,GFDL-CM3 8.5
2082,2096,96.0417982441258,GFDL-CM3 8.5
2083,2097,30.2710590404583,GFDL-CM3 8.5
2084,2098,78.8413884991822,GFDL-CM3 8.5
2085,2099,11.8744443711548,GFDL-CM3 8.5
0,1997,307.549901961609,Historic
1,1998,320.941447178594,Historic
2,1999,287.0477274801,Historic
3,2000,281.471130635282,Historic
4,2001,212.543017419459,Historic
5,2002,169.266151066761,Historic
6,2003,215.192276039945,Historic
7,2004,231.547506719062,Historic
8,2005,279.559888257556,Historic
9,2006,305.645866264499,Historic
10,2007,199.821202993451,Historic
11,2008,63.8891944161385,Historic
12,2009,117.605250645892,Historic
13,2010,170.092880635482,Historic
14,2011,290.218087002521,Historic
15,2012,265.52734527537,Historic
16,2013,154.871701398516,Historic
17,2014,46.8267094898071,Historic
18,2015,44.6574441535465,Historic
19,2016,120.532289794152,Historic
